Ticker,opening,closing,NextHigh,high,low,day
QYLD,22.82,22.849,22.88,22.86,22.82,1
QYLD,22.84,22.88,22.9,22.88,22.84,2
QYLD,22.9,22.89,22.9,22.9,22.87,3
QYLD,22.895,22.885,22.9,22.9,22.87,4
QYLD,22.88,22.9,22.9,22.9,22.87,5
QYLD,22.89,22.89,22.89,22.9,22.85,6
QYLD,22.87,22.87,22.91,22.89,22.85,7
QYLD,22.91,22.9,22.915,22.91,22.88,8
QYLD,22.915,22.91,22.93,22.915,22.88,9
QYLD,22.92,22.919,22.93,22.93,22.9,10
QYLD,22.92,22.92,22.92,22.93,22.9,11
QYLD,22.915,22.919,22.93,22.92,22.89,12
QYLD,22.93,22.895,23.09,22.93,22.89,13
QYLD,22.95,23.05,22.93,23.09,22.94,14
QYLD,22.89,22.67,22.7079,22.93,22.66,15
QYLD,22.64,22.615,22.68,22.7079,22.43,16
QYLD,22.53,22.67,22.5715,22.68,22.4125,17
QYLD,22.51,22.35,22.75,22.5715,22.3,18
QYLD,22.54,22.72,22.75,22.75,22.55,19
QYLD,22.69,22.47,22.76,22.75,22.38,20
QYLD,22.7,22.145,22.43,22.76,22.1403,21
QYLD,22.129,22.33,22.469,22.43,22.05,22
QYLD,22.4617,22.01,22.27,22.469,21.77,23
QYLD,22.08,22.2,22.7799,22.27,21.805,24
QYLD,22.54,22.76,22.85,22.7799,22.51,25
QYLD,22.78,22.845,22.87,22.85,22.69,26
QYLD,22.79,22.6,22.84,22.87,22.6,27
QYLD,22.72,22.835,22.85,22.84,22.595,28
QYLD,22.84,22.55,22.4399,22.85,22.54,29
QYLD,22.29,22.3301,22.84,22.4399,22.09,30
QYLD,22.4,22.82,22.8999,22.84,22.09,31
QYLD,22.82,22.26,22.39,22.8999,22.17,32
QYLD,22.14,22.19,22.1,22.39,21.98,33
QYLD,22.04,22.07,22.38,22.1,21.92,34
QYLD,22.2,22.37,22.54,22.38,22.06,35
QYLD,22.39,22.54,22.65,22.54,22.35,36
QYLD,22.62,22.61,22.74,22.65,22.54,37
QYLD,22.67,22.73,22.75,22.74,22.65,38
QYLD,22.75,22.72,22.76,22.75,22.69,39
QYLD,22.75,22.72,22.3,22.76,22.66,40
QYLD,22.2977,22.235,22.29,22.3,22.22,41
QYLD,22.25,22.1992,22.29,22.29,22.18,42
QYLD,22.26,22.285,22.31,22.29,22.2,43
QYLD,22.3,22.22,22.22,22.31,22.16,44
QYLD,22.205,21.9076,22.01,22.22,21.9,45
QYLD,21.87,21.91,21.995,22.01,21.73,46
QYLD,21.935,21.8,21.85,21.995,21.71,47
QYLD,21.635,21.84,22.06,21.85,21.2821,48
QYLD,21.81,22.045,22.19,22.06,21.7,49
QYLD,22.16,22.14,22.2,22.19,22.035,50
QYLD,22.2,21.75,21.91,22.2,21.7,51
QYLD,21.62,21.9,21.7,21.91,21.58,52
QYLD,21.65,21.4,21.63,21.7,21.36,53
QYLD,21.525,21.155,21.59,21.63,21.15,54
QYLD,21.38,20.89,20.91,21.59,20.87,55
QYLD,20.7487,20.4,20.325,20.91,20.4,56
QYLD,19.94,20.29,20.24,20.325,19.43,57
QYLD,20.05,19.99,20.45,20.24,19.8216,58
QYLD,20.355,20.01,20.29,20.45,19.83,59
QYLD,20.24,19.85,20.37,20.29,19.83,60
QYLD,19.98,20.365,20.77,20.37,19.73,61
QYLD,20.4,20.75,20.88,20.77,20.3515,62
QYLD,20.81,20.87,20.9696,20.88,20.65,63
QYLD,20.96,20.95,20.789,20.9696,20.815,64
QYLD,20.655,20.4799,20.81,20.789,20.44,65
QYLD,20.55,20.69,20.8,20.81,20.46,66
QYLD,20.74,20.66,20.86,20.8,20.6,67
QYLD,20.64,20.82,21.03,20.86,20.57,68
QYLD,20.96,21.02,21.0399,21.03,20.92,69
QYLD,20.85,20.8095,20.87,21.0399,20.74,70
QYLD,20.84,20.35,20.57,20.87,20.29,71
QYLD,20.33,20.39,20.87,20.57,20.2,72
QYLD,20.69,20.865,20.94,20.87,20.6402,73
QYLD,20.77,20.89,20.76,20.94,20.61,74
QYLD,20.75,20.3,20.4,20.76,20.28,75
QYLD,20.3813,20.09,19.975,20.4,19.98,76
QYLD,19.81,19.799,19.96,19.975,19.65,77
QYLD,19.95,19.49,19.92,19.96,19.48,78
QYLD,18.96,19.89,20.11,19.92,18.93,79
QYLD,20.01,20.09,20.1679,20.11,19.81,80
QYLD,19.97,20.12,20.13,20.1679,19.925,81
QYLD,20.06,19.9345,20.19,20.13,19.86,82
QYLD,20.02,20.15,20.25,20.19,19.93,83
QYLD,20.24,20.0301,20.0,20.25,19.97,84
QYLD,19.97,19.9,19.94,20.0,19.76,85
QYLD,19.9,19.37,19.7899,19.94,19.36,86
QYLD,19.36,19.32,19.945,19.7899,19.1401,87
QYLD,19.72,19.885,19.83,19.945,19.61,88
QYLD,19.725,19.78,19.97,19.83,19.54,89
TLT,146.5,147.08,147.98,147.57,146.5,1
TLT,147.82,145.59,147.36,147.98,145.53,2
TLT,145.87,147.1,149.58,147.36,145.85,3
TLT,148.52,149.27,149.28,149.58,148.13,4
TLT,148.97,149.0488,151.767,149.28,148.51,5
TLT,150.8,150.94,150.93,151.767,150.64,6
TLT,150.83,148.24,148.655,150.93,147.03,7
TLT,148.51,148.01,148.51,148.655,147.89,8
TLT,148.0,147.35,146.96,148.51,146.76,9
TLT,146.89,145.49,146.38,146.96,145.22,10
TLT,145.69,145.16,146.29,146.38,144.85,11
TLT,144.57,146.29,146.9,146.29,144.46,12
TLT,145.98,146.81,148.595,146.9,145.95,13
TLT,147.58,148.36,147.64,148.595,147.58,14
TLT,147.4,146.61,146.11,147.64,146.125,15
TLT,145.93,144.53,146.82,146.11,144.52,16
TLT,144.94,146.82,150.68,146.82,144.79,17
TLT,148.83,150.49,149.635,150.68,148.67,18
TLT,148.31,149.29,152.07,149.635,148.17,19
TLT,150.8,151.66,152.41,152.07,150.25,20
TLT,150.49,152.3,152.99,152.41,149.79,21
TLT,152.92,152.55,155.12,152.99,150.76,22
TLT,151.68,154.34,154.35,155.12,151.35,23
TLT,154.05,152.23,152.525,154.35,151.93,24
TLT,151.72,150.99,150.48,152.525,150.8601,25
TLT,150.47,148.36,149.84,150.48,148.36,26
TLT,149.32,149.24,150.24,149.84,148.48,27
TLT,149.92,148.85,151.305,150.24,148.81,28
TLT,150.4,150.985,150.93,151.305,150.31,29
TLT,150.35,150.67,150.79,150.93,149.31,30
TLT,149.6139,149.24,149.88,150.79,149.13,31
TLT,148.75,149.13,150.98,149.88,148.73,32
TLT,150.34,150.779,151.02,150.98,150.16,33
TLT,150.75,149.79,149.2,151.02,149.595,34
TLT,148.14,149.11,149.86,149.2,147.62,35
TLT,149.73,149.815,149.6,149.86,149.02,36
TLT,149.59,148.5,149.01,149.6,148.03,37
TLT,148.47,148.86,149.78,149.01,148.32,38
TLT,149.59,148.28,147.309,149.78,148.01,39
TLT,146.92,146.66,147.9699,147.309,146.41,40
TLT,147.25,147.89,149.03,147.9699,146.45,41
TLT,147.8,148.14,146.94,149.03,147.43,42
TLT,146.41,144.31,144.13,146.94,144.28,43
TLT,143.61,143.69,144.16,144.13,142.74,44
TLT,144.13,142.97,143.44,144.16,142.71,45
TLT,142.6,143.31,143.236,143.44,142.29,46
TLT,143.13,142.31,142.805,143.236,141.56,47
TLT,141.65,142.67,143.63,142.805,141.36,48
TLT,142.89,143.55,144.01,143.63,142.695,49
TLT,143.9,143.02,144.42,144.01,142.995,50
TLT,143.39,144.28,143.46,144.42,143.03,51
TLT,143.42,142.13,141.31,143.46,141.795,52
TLT,140.96,140.06,141.71,141.31,140.02,53
TLT,140.53,141.08,141.99,141.71,140.31,54
TLT,141.37,141.98,144.1,141.99,141.09,55
TLT,143.4,143.69,144.365,144.1,142.67,56
TLT,144.3,142.5,143.71,144.365,142.43,57
TLT,143.11,142.18,142.57,143.71,141.8,58
TLT,142.26,140.51,143.365,142.57,140.49,59
TLT,142.41,143.12,143.46,143.365,142.33,60
TLT,142.09,143.12,142.95,143.46,141.85,61
TLT,142.18,142.38,142.36,142.95,141.96,62
TLT,142.28,141.72,143.57,142.36,141.055,63
TLT,141.95,142.21,141.48,143.57,141.93,64
TLT,140.44,141.11,140.14,141.48,140.18,65
TLT,139.85,139.03,139.31,140.14,138.78,66
TLT,138.91,139.13,138.58,139.31,138.55,67
TLT,138.21,138.13,139.37,138.58,137.82,68
TLT,138.72,138.42,137.83,139.37,138.19,69
TLT,137.66,136.22,138.51,137.83,135.84,70
TLT,136.87,138.29,137.735,138.51,135.36,71
TLT,137.13,136.53,135.84,137.735,135.97,72
TLT,135.6,134.97,136.07,135.84,134.94,73
TLT,135.95,135.77,137.565,136.07,134.51,74
TLT,136.48,136.84,138.37,137.565,135.9,75
TLT,137.52,138.23,138.67,138.37,137.16,76
TLT,137.69,138.5599,137.8499,138.67,137.47,77
TLT,137.68,136.62,139.22,137.8499,136.565,78
TLT,139.09,136.86,137.31,139.22,136.25,79
TLT,136.86,136.88,140.045,137.31,136.18,80
TLT,138.43,139.89,142.33,140.045,138.32,81
TLT,140.36,141.32,140.42,142.33,140.0,82
TLT,139.84,136.41,138.7,140.42,136.41,83
TLT,137.49,137.88,140.825,138.7,137.02,84
TLT,140.36,140.27,140.64,140.825,139.305,85
TLT,139.13,139.22,138.25,140.64,138.77,86
TLT,137.51,137.82,137.3403,138.25,137.25,87
TLT,137.065,136.38,135.17,137.3403,136.13,88
TLT,134.83,134.44,135.45,135.17,133.72,89
GGPI,11.01,10.7169,10.81,11.035,10.61,1
GGPI,10.74,10.7,10.78,10.81,10.625,2
GGPI,10.73,10.53,10.76,10.78,10.4599,3
GGPI,10.57,10.68,11.5,10.76,10.46,4
GGPI,10.9,11.295,11.66,11.5,10.75,5
GGPI,11.66,11.2001,11.39,11.66,10.9,6
GGPI,11.07,10.68,11.19,11.39,10.44,7
GGPI,10.79,11.07,13.05,11.19,10.79,8
GGPI,11.31,12.81,16.41,13.05,11.09,9
GGPI,15.01,14.7518,15.89,16.41,14.0,10
GGPI,15.4,15.33,15.74,15.89,14.095,11
GGPI,14.98,14.53,14.47,15.74,14.32,12
GGPI,14.435,13.39,14.32,14.47,12.97,13
GGPI,13.69,13.75,14.9,14.32,13.5,14
GGPI,14.1,13.9388,14.47,14.9,13.66,15
GGPI,14.11,13.42,14.2,14.47,13.21,16
GGPI,13.38,14.03,13.79,14.2,13.11,17
GGPI,13.65,13.55,14.46,13.79,13.25,18
GGPI,13.81,14.1,14.5,14.46,13.52,19
GGPI,14.0,13.46,13.85,14.5,13.26,20
GGPI,13.85,12.855,12.92,13.85,12.62,21
GGPI,12.87,12.535,12.63,12.92,11.92,22
GGPI,12.45,11.93,12.44,12.63,11.5,23
GGPI,11.62,12.2,12.51,12.44,11.1982,24
GGPI,12.48,12.04,12.35,12.51,11.95,25
GGPI,11.97,12.29,12.115,12.35,11.73,26
GGPI,12.11,11.6295,11.86,12.115,11.61,27
GGPI,11.67,11.56,11.6699,11.86,11.4807,28
GGPI,11.64,11.64,11.5501,11.6699,11.21,29
GGPI,11.47,11.31,11.7,11.5501,11.25,30
GGPI,11.32,11.5826,11.73,11.7,10.825,31
GGPI,11.7,11.11,11.3999,11.73,11.06,32
GGPI,11.03,11.11,11.26,11.3999,10.92,33
GGPI,10.97,11.2199,11.41,11.26,10.92,34
GGPI,11.32,11.255,11.82,11.41,11.0972,35
GGPI,11.26,11.55,11.77,11.82,11.2301,36
GGPI,11.55,11.545,11.66,11.77,11.52,37
GGPI,11.65,11.451,11.5599,11.66,11.37,38
GGPI,11.5,11.44,11.47,11.5599,11.38,39
GGPI,11.39,11.06,11.65,11.47,11.02,40
GGPI,11.08,11.34,11.85,11.65,11.0762,41
GGPI,11.39,11.68,12.37,11.85,11.31,42
GGPI,11.955,11.99,12.045,12.37,11.76,43
GGPI,12.0,11.72,11.73,12.045,11.5,44
GGPI,11.69,11.26,11.36,11.73,11.11,45
GGPI,11.18,11.03,11.54,11.36,10.98,46
GGPI,11.0586,11.28,11.43,11.54,11.0586,47
GGPI,11.19,11.3723,11.9,11.43,10.99,48
GGPI,11.56,11.62,11.935,11.9,11.52,49
GGPI,11.75,11.75,11.95,11.935,11.56,50
GGPI,11.95,11.5179,11.5,11.95,11.41,51
GGPI,11.2856,11.41,11.38,11.5,11.21,52
GGPI,11.34,11.2,11.3145,11.38,11.12,53
GGPI,11.21,11.03,11.26,11.3145,11.02,54
GGPI,11.11,11.01,11.04,11.26,11.0,55
GGPI,11.0,10.55,10.58,11.04,10.46,56
GGPI,10.22,10.56,10.71,10.58,10.14,57
GGPI,10.34,10.51,10.81,10.71,10.26,58
GGPI,10.72,10.68,10.69,10.81,10.38,59
GGPI,10.64,10.27,10.365,10.69,10.23,60
GGPI,10.27,10.285,10.44,10.365,10.11,61
GGPI,10.37,10.38,10.54,10.44,10.29,62
GGPI,10.52,10.45,10.52,10.54,10.32,63
GGPI,10.49,10.32,10.41,10.52,10.28,64
GGPI,10.25,10.26,10.4,10.41,10.22,65
GGPI,10.31,10.38,10.4887,10.4,10.24,66
GGPI,10.45,10.37,10.42,10.4887,10.32,67
GGPI,10.41,10.36,10.72,10.42,10.26,68
GGPI,10.42,10.6801,11.39,10.72,10.375,69
GGPI,10.7,11.19,11.67,11.39,10.65,70
GGPI,11.2,11.241,11.3899,11.67,11.02,71
GGPI,11.31,11.08,11.69,11.3899,10.78,72
GGPI,11.31,11.48,12.33,11.69,11.1,73
GGPI,11.49,12.05,12.18,12.33,11.41,74
GGPI,11.9,11.92,12.46,12.18,11.62,75
GGPI,12.0348,12.2,12.17,12.46,11.96,76
GGPI,11.6297,11.4399,11.6756,12.17,11.2,77
GGPI,11.62,11.0597,11.166,11.6756,10.96,78
GGPI,10.41,10.92,11.11,11.166,10.4,79
GGPI,11.0,10.89,11.1,11.11,10.8,80
GGPI,10.78,11.06,11.15,11.1,10.78,81
GGPI,11.1,10.85,11.13,11.15,10.7288,82
GGPI,10.89,11.0477,11.99,11.13,10.83,83
GGPI,11.09,11.15,11.25,11.99,11.08,84
GGPI,11.17,11.1093,11.4,11.25,11.0,85
GGPI,11.15,11.04,11.195,11.4,11.02,86
GGPI,10.95,11.05,11.26,11.195,10.85,87
GGPI,11.15,11.1001,11.1,11.26,11.01,88
GGPI,11.09,10.99,11.09,11.1,10.95,89
VCLT,106.57,107.1,107.5899,107.225,106.55,1
VCLT,107.41,106.72,107.679,107.5899,106.45,2
VCLT,106.76,107.41,108.88,107.679,106.76,3
VCLT,108.02,108.69,108.59,108.88,107.96,4
VCLT,108.59,108.43,109.47,108.59,108.131,5
VCLT,109.34,108.94,108.95,109.47,108.8793,6
VCLT,108.95,107.44,107.9165,108.95,106.91,7
VCLT,107.75,107.08,107.24,107.9165,106.96,8
VCLT,107.19,106.73,106.605,107.24,106.46,9
VCLT,106.39,105.43,105.8937,106.605,105.42,10
VCLT,105.44,105.15,105.83,105.8937,105.03,11
VCLT,104.98,105.83,106.33,105.83,104.8,12
VCLT,105.66,106.17,107.049,106.33,105.66,13
VCLT,106.57,106.88,106.63,107.049,106.4801,14
VCLT,106.3,105.69,105.35,106.63,105.55,15
VCLT,105.3,104.42,105.49,105.35,104.42,16
VCLT,104.72,105.44,106.63,105.49,104.3,17
VCLT,105.74,106.53,106.72,106.63,105.65,18
VCLT,105.75,106.66,107.72,106.72,105.75,19
VCLT,107.24,107.27,107.03,107.72,106.93,20
VCLT,107.0,106.96,107.4899,107.03,106.33,21
VCLT,106.9,107.44,109.1428,107.4899,106.83,22
VCLT,107.45,108.79,108.76,109.1428,107.405,23
VCLT,108.73,107.86,108.48,108.76,107.81,24
VCLT,107.94,107.78,107.56,108.48,107.66,25
VCLT,107.43,106.52,107.085,107.56,106.36,26
VCLT,106.82,106.45,107.28,107.085,106.43,27
VCLT,107.0723,106.63,107.74,107.28,106.461,28
VCLT,107.32,107.33,107.12,107.74,107.2,29
VCLT,106.99,106.7,106.83,107.12,106.39,30
VCLT,106.1,106.7,107.13,106.83,106.1,31
VCLT,106.62,106.43,107.05,107.13,106.2301,32
VCLT,106.58,107.05,106.88,107.05,106.58,33
VCLT,106.73,106.16,106.57,106.88,106.035,34
VCLT,106.12,106.53,106.9,106.57,105.4112,35
VCLT,106.84,106.85,106.51,106.9,106.51,36
VCLT,106.51,106.29,106.85,106.51,105.8701,37
VCLT,106.2,106.67,107.145,106.85,106.2,38
VCLT,107.1,106.33,105.8299,107.145,106.17,39
VCLT,105.7,105.42,106.12,105.8299,105.21,40
VCLT,105.8,106.11,106.58,106.12,105.35,41
VCLT,106.1,105.87,105.12,106.58,105.83,42
VCLT,105.12,104.15,104.22,105.12,104.15,43
VCLT,103.98,104.2,104.5999,104.22,103.605,44
VCLT,104.55,103.43,103.66,104.5999,103.4,45
VCLT,103.3,103.45,103.36,103.66,103.025,46
VCLT,103.35,102.75,102.82,103.36,102.43,47
VCLT,102.34,102.73,103.3,102.82,101.945,48
VCLT,102.79,103.2,103.5999,103.3,102.643,49
VCLT,103.52,103.02,103.5,103.5999,103.02,50
VCLT,103.25,103.5,102.89,103.5,102.87,51
VCLT,102.89,102.27,101.4799,102.89,102.12,52
VCLT,101.42,100.81,101.7,101.4799,100.7527,53
VCLT,101.22,101.03,101.47,101.7,101.03,54
VCLT,101.27,101.02,102.27,101.47,100.81,55
VCLT,101.72,102.07,102.24,102.27,101.71,56
VCLT,102.1,101.3874,101.73,102.24,101.281,57
VCLT,101.44,100.91,101.44,101.73,100.83,58
VCLT,101.33,99.91,101.14,101.44,99.89,59
VCLT,100.5,100.56,100.73,101.14,100.22,60
VCLT,99.68,100.69,100.84,100.73,99.59,61
VCLT,100.22,100.57,100.63,100.84,100.15,62
VCLT,100.4,100.51,101.2899,100.63,99.758,63
VCLT,100.84,100.46,99.6299,101.2899,100.46,64
VCLT,99.27,99.25,98.445,99.6299,99.0,65
VCLT,98.35,97.98,98.34,98.445,97.55,66
VCLT,97.75,98.23,98.1799,98.34,97.6001,67
VCLT,98.1,97.6149,98.6499,98.1799,97.6,68
VCLT,98.18,98.12,97.68,98.6499,98.02,69
VCLT,97.51,96.3901,97.37,97.68,96.31,70
VCLT,96.67,97.29,96.72,97.37,96.015,71
VCLT,96.61,95.96,96.0399,96.72,95.96,72
VCLT,95.73,95.11,95.58,96.0399,95.1,73
VCLT,95.58,95.26,95.86,95.58,94.5516,74
VCLT,95.38,95.31,95.9599,95.86,95.018,75
VCLT,95.72,95.77,95.84,95.9599,95.19,76
VCLT,95.34,95.79,95.61,95.84,95.28,77
VCLT,95.44,94.38,95.2,95.61,94.32,78
VCLT,94.39,95.02,95.57,95.2,94.2801,79
VCLT,95.4,95.47,97.08,95.57,95.0401,80
VCLT,96.0,97.08,97.97,97.08,95.98,81
VCLT,96.99,97.04,96.3,97.97,96.89,82
VCLT,96.19,94.76,95.72,96.3,94.76,83
VCLT,95.46,95.33,96.42,95.72,95.07,84
VCLT,96.42,95.58,95.15,96.42,95.4,85
VCLT,94.68,93.81,93.84,95.15,93.81,86
VCLT,93.06,93.41,94.09,93.84,92.55,87
VCLT,93.5,93.39,92.64,94.09,93.35,88
VCLT,92.52,91.83,92.27,92.64,91.42,89
PFF,39.32,39.34,39.37,39.34,39.24,1
PFF,39.35,39.29,39.45,39.37,39.27,2
PFF,39.32,39.4,39.42,39.45,39.3,3
PFF,39.4,39.4,39.4333,39.42,39.32,4
PFF,39.4,39.33,39.36,39.4333,39.32,5
PFF,39.35,39.27,39.23,39.36,39.25,6
PFF,39.23,38.9,39.0,39.23,38.89,7
PFF,38.95,38.8981,38.97,39.0,38.86,8
PFF,38.96,38.88,38.95,38.97,38.85,9
PFF,38.95,38.84,38.93,38.95,38.75,10
PFF,38.83,38.7905,38.82,38.93,38.77,11
PFF,38.78,38.7902,38.89,38.82,38.71,12
PFF,38.8476,38.81,38.87,38.89,38.74,13
PFF,38.86,38.86,38.9,38.87,38.76,14
PFF,38.88,38.6,38.6001,38.9,38.59,15
PFF,38.59,38.54,38.69,38.6001,38.47,16
PFF,38.47,38.68,38.51,38.69,38.45,17
PFF,38.42,38.38,38.64,38.51,38.27,18
PFF,38.52,38.56,38.6,38.64,38.505,19
PFF,38.55,38.41,38.62,38.6,38.3,20
PFF,38.45,38.3031,38.55,38.62,38.27,21
PFF,38.36,38.5,38.58,38.55,38.28,22
PFF,38.51,38.28,38.59,38.58,38.235,23
PFF,38.31,38.51,38.91,38.59,38.3,24
PFF,38.59,38.8,38.8201,38.91,38.59,25
PFF,38.8,38.78,38.82,38.8201,38.66,26
PFF,38.77,38.64,38.82,38.82,38.62,27
PFF,38.75,38.7,38.74,38.82,38.64,28
PFF,38.68,38.71,38.68,38.74,38.64,29
PFF,38.58,38.52,38.76,38.68,38.48,30
PFF,38.47,38.72,38.85,38.76,38.45,31
PFF,38.74,38.805,38.88,38.85,38.64,32
PFF,38.79,38.75,38.7,38.88,38.7,33
PFF,38.61,38.53,38.85,38.7,38.53,34
PFF,38.6,38.82,39.06,38.85,38.6,35
PFF,38.83,39.01,39.1,39.06,38.79,36
PFF,39.06,38.9805,39.0977,39.1,38.98,37
PFF,39.03,39.03,39.1,39.0977,39.01,38
PFF,39.01,39.09,39.18,39.1,39.01,39
PFF,39.08,39.17,39.36,39.18,39.02,40
PFF,39.19,39.33,39.43,39.36,39.16,41
PFF,39.32,39.43,39.403,39.43,39.3,42
PFF,39.403,39.16,39.17,39.403,39.15,43
PFF,39.14,38.9401,39.09,39.17,38.91,44
PFF,38.96,38.6,38.84,39.09,38.55,45
PFF,38.58,38.82,38.79,38.84,38.4,46
PFF,38.7516,38.66,38.62,38.79,38.52,47
PFF,38.54,38.61,38.83,38.62,38.42,48
PFF,38.6,38.8,38.9,38.83,38.525,49
PFF,38.89,38.88,38.97,38.9,38.77,50
PFF,38.9034,38.8556,38.78,38.97,38.83,51
PFF,38.78,38.62,38.49,38.78,38.56,52
PFF,38.47,38.34,38.47,38.49,38.27,53
PFF,38.39,38.3,38.54,38.47,38.28,54
PFF,38.4,38.15,38.21,38.54,38.15,55
PFF,38.13,38.07,38.03,38.21,38.0,56
PFF,37.83,38.025,37.87,38.03,37.52,57
PFF,37.8255,37.72,37.93,37.87,37.62,58
PFF,37.86,37.3999,37.695,37.93,37.365,59
PFF,37.47,36.94,37.12,37.695,36.92,60
PFF,36.86,37.04,37.655,37.12,36.635,61
PFF,37.04,37.65,37.7,37.655,36.98,62
PFF,37.64,37.58,37.68,37.7,37.39,63
PFF,37.63,37.33,37.22,37.68,37.32,64
PFF,37.17,37.07,36.96,37.22,36.98,65
PFF,36.86,36.76,36.9465,36.96,36.73,66
PFF,36.79,36.7341,36.77,36.9465,36.725,67
PFF,36.5947,36.6,36.86,36.77,36.54,68
PFF,36.8,36.805,36.65,36.86,36.7067,69
PFF,36.47,36.28,36.4333,36.65,36.24,70
PFF,36.34,35.91,35.93,36.4333,35.85,71
PFF,35.88,35.65,35.97,35.93,35.54,72
PFF,35.76,35.925,36.24,35.97,35.691,73
PFF,35.95,36.17,36.29,36.24,35.8,74
PFF,36.09,35.95,36.21,36.29,35.92,75
PFF,36.1372,36.03,36.02,36.21,35.97,76
PFF,35.9703,35.87,35.94,36.02,35.7,77
PFF,35.88,35.68,35.89,35.94,35.63,78
PFF,35.24,35.84,36.35,35.89,35.12,79
PFF,35.92,36.27,36.45,36.35,35.92,80
PFF,36.07,36.38,36.46,36.45,36.065,81
PFF,36.32,36.05,36.24,36.46,36.0,82
PFF,36.11,36.19,36.36,36.24,36.02,83
PFF,36.3,36.13,36.1,36.36,36.1,84
PFF,36.1,35.86,35.84,36.1,35.84,85
PFF,35.8,35.54,35.66,35.84,35.47,86
PFF,35.45,35.37,35.77,35.66,35.3,87
PFF,35.55,35.71,35.6,35.77,35.45,88
PFF,35.54,35.59,35.71,35.6,35.44,89
ANGL,32.91,32.97,33.07,32.9999,32.91,1
ANGL,32.98,33.05,33.16,33.07,32.9349,2
ANGL,33.07,33.15,33.35,33.16,33.07,3
ANGL,33.27,33.35,33.36,33.35,33.22,4
ANGL,33.33,33.3,33.42,33.36,33.29,5
ANGL,33.36,33.41,33.4,33.42,33.33,6
ANGL,33.39,33.22,33.24,33.4,33.19,7
ANGL,33.24,33.18,33.2,33.24,33.17,8
ANGL,33.2,33.115,33.16,33.2,33.11,9
ANGL,33.16,33.01,33.06,33.16,33.01,10
ANGL,33.01,33.03,33.05,33.06,33.015,11
ANGL,33.05,33.02,33.085,33.05,33.0,12
ANGL,33.08,32.99,33.0785,33.085,32.99,13
ANGL,33.02,32.995,33.015,33.0785,32.99,14
ANGL,33.01,32.81,32.855,33.015,32.805,15
ANGL,32.79,32.71,32.69,32.855,32.645,16
ANGL,32.66,32.69,32.47,32.69,32.57,17
ANGL,32.46,32.4,32.59,32.47,32.27,18
ANGL,32.57,32.59,32.6099,32.59,32.49,19
ANGL,32.57,32.43,32.5599,32.6099,32.372,20
ANGL,32.511,32.35,32.55,32.5599,32.34,21
ANGL,32.36,32.51,32.58,32.55,32.36,22
ANGL,32.55,32.53,32.72,32.58,32.45,23
ANGL,32.55,32.64,32.91,32.72,32.545,24
ANGL,32.77,32.84,32.92,32.91,32.76,25
ANGL,32.82,32.9072,32.91,32.92,32.78,26
ANGL,32.9,32.78,32.87,32.91,32.77,27
ANGL,32.87,32.83,32.9,32.87,32.79,28
ANGL,32.84,32.895,32.87,32.9,32.82,29
ANGL,32.8265,32.84,32.94,32.87,32.74,30
ANGL,32.83,32.92,32.94,32.94,32.73,31
ANGL,32.92,32.87,32.87,32.94,32.8422,32
ANGL,32.83,32.81,32.78,32.87,32.7815,33
ANGL,32.75,32.77,32.91,32.78,32.7,34
ANGL,32.8,32.9,33.04,32.91,32.775,35
ANGL,32.94,33.03,33.12,33.04,32.91,36
ANGL,33.03,33.07,33.16,33.12,33.025,37
ANGL,33.09,33.12,33.16,33.16,33.07,38
ANGL,33.12,33.1,33.01,33.16,33.07,39
ANGL,33.01,32.93,32.98,33.01,32.925,40
ANGL,32.98,32.94,33.015,32.98,32.92,41
ANGL,32.97,32.96,32.94,33.015,32.95,42
ANGL,32.94,32.86,32.9,32.94,32.85,43
ANGL,32.88,32.8,32.81,32.9,32.74,44
ANGL,32.78,32.45,32.53,32.81,32.45,45
ANGL,32.47,32.42,32.44,32.53,32.41,46
ANGL,32.42,32.34,32.36,32.44,32.32,47
ANGL,32.3,32.35,32.53,32.36,32.13,48
ANGL,32.39,32.51,32.57,32.53,32.31,49
ANGL,32.55,32.54,32.58,32.57,32.52,50
ANGL,32.545,32.45,32.46,32.58,32.44,51
ANGL,32.43,32.405,32.26,32.46,32.37,52
ANGL,32.24,32.165,32.3,32.26,32.14,53
ANGL,32.26,32.15,32.28,32.3,32.15,54
ANGL,32.23,32.02,32.11,32.28,32.02,55
ANGL,32.04,31.99,31.99,32.11,31.98,56
ANGL,31.95,31.97,31.9354,31.99,31.7301,57
ANGL,31.9,31.85,32.08,31.9354,31.83,58
ANGL,32.01,31.67,31.78,32.08,31.62,59
ANGL,31.715,31.53,31.64,31.78,31.45,60
ANGL,31.47,31.64,31.65,31.64,31.3548,61
ANGL,31.56,31.625,31.645,31.65,31.45,62
ANGL,31.62,31.62,31.71,31.645,31.49,63
ANGL,31.7,31.63,31.5426,31.71,31.59,64
ANGL,31.52,31.31,31.19,31.5426,31.305,65
ANGL,31.17,31.08,31.17,31.19,30.955,66
ANGL,31.0,31.11,31.13,31.17,30.98,67
ANGL,31.1,31.04,31.23,31.13,31.02,68
ANGL,31.13,31.19,31.08,31.23,31.13,69
ANGL,30.99,30.8,30.9,31.08,30.775,70
ANGL,30.9,30.73,30.77,30.9,30.63,71
ANGL,30.68,30.63,30.7199,30.77,30.545,72
ANGL,30.68,30.61,30.82,30.7199,30.57,73
ANGL,30.63,30.82,30.77,30.82,30.6001,74
ANGL,30.75,30.72,30.7469,30.77,30.6601,75
ANGL,30.69,30.72,30.755,30.7469,30.62,76
ANGL,30.68,30.6,30.66,30.755,30.56,77
ANGL,30.64,30.485,30.6679,30.66,30.48,78
ANGL,30.31,30.66,30.86,30.6679,30.27,79
ANGL,30.77,30.78,30.925,30.86,30.715,80
ANGL,30.72,30.84,30.925,30.925,30.71,81
ANGL,30.84,30.78,30.875,30.925,30.685,82
ANGL,30.75,30.8,30.84,30.875,30.7,83
ANGL,30.79,30.7,30.655,30.84,30.681,84
ANGL,30.64,30.48,30.46,30.655,30.47,85
ANGL,30.46,30.23,30.32,30.46,30.2,86
ANGL,30.28,30.06,30.31,30.32,30.06,87
ANGL,30.23,30.265,30.12,30.31,30.185,88
ANGL,30.11,30.09,30.11,30.12,29.98,89
EMB,109.33,109.39,109.51,109.615,109.24,1
EMB,109.28,109.2,110.06,109.51,108.94,2
EMB,109.57,109.975,110.89,110.06,109.465,3
EMB,110.28,110.82,110.86,110.89,110.21,4
EMB,110.74,110.73,111.08,110.86,110.65,5
EMB,110.94,110.9,110.54,111.08,110.62,6
EMB,110.53,109.32,109.69,110.54,109.16,7
EMB,109.5,109.305,109.725,109.69,109.28,8
EMB,109.69,109.5809,109.758,109.725,109.4,9
EMB,109.51,109.3,109.45,109.758,109.19,10
EMB,109.27,109.05,109.18,109.45,109.03,11
EMB,109.04,109.16,109.48,109.18,108.82,12
EMB,109.12,109.435,109.565,109.48,109.06,13
EMB,109.47,109.39,109.3,109.565,109.36,14
EMB,109.14,108.28,108.07,109.3,108.23,15
EMB,107.9,107.58,107.84,108.07,107.52,16
EMB,107.73,107.78,107.335,107.84,107.54,17
EMB,107.0,106.58,107.59,107.335,106.155,18
EMB,106.85,107.49,107.975,107.59,106.85,19
EMB,107.5,107.47,108.06,107.975,107.31,20
EMB,107.7,107.86,108.55,108.06,107.62,21
EMB,107.86,108.5,108.8601,108.55,107.86,22
EMB,108.39,108.645,108.92,108.8601,108.05,23
EMB,108.71,108.73,109.425,108.92,108.62,24
EMB,109.2,109.31,109.4,109.425,108.92,25
EMB,109.31,109.16,109.39,109.4,108.975,26
EMB,109.09,109.1,109.4,109.39,109.05,27
EMB,109.27,109.11,109.695,109.4,109.01,28
EMB,109.11,109.615,109.53,109.695,109.11,29
EMB,109.18,109.2799,109.09,109.53,109.13,30
EMB,109.02,108.92,108.88,109.09,108.335,31
EMB,108.7925,108.67,108.65,108.88,108.59,32
EMB,108.51,108.48,108.16,108.65,108.38,33
EMB,108.03,107.9,108.24,108.16,107.48,34
EMB,107.82,108.23,108.375,108.24,107.71,35
EMB,108.18,108.34,108.57,108.375,108.0513,36
EMB,108.4108,108.5,108.91,108.57,108.215,37
EMB,108.24,108.9,108.97,108.91,108.21,38
EMB,108.9,108.78,108.78,108.97,108.78,39
EMB,108.78,108.69,109.31,108.78,108.5,40
EMB,108.7546,109.195,109.44,109.31,108.69,41
EMB,109.1,109.08,108.73,109.44,109.0,42
EMB,108.71,107.99,108.16,108.73,107.93,43
EMB,108.04,107.9275,107.93,108.16,107.74,44
EMB,107.93,106.91,106.89,107.93,106.89,45
EMB,106.56,106.785,106.705,106.89,106.51,46
EMB,106.61,106.57,106.25,106.705,106.26,47
EMB,106.0,106.195,106.44,106.25,105.59,48
EMB,106.13,106.44,106.545,106.44,105.82,49
EMB,106.4,106.23,106.06,106.545,106.13,50
EMB,105.95,105.87,105.34,106.06,105.7,51
EMB,105.34,104.94,104.365,105.34,104.88,52
EMB,104.31,103.97,105.04,104.365,103.66,53
EMB,104.84,104.65,105.4,105.04,104.48,54
EMB,105.09,105.04,105.84,105.4,104.895,55
EMB,105.72,105.6,105.15,105.84,105.39,56
EMB,105.12,104.91,105.09,105.15,104.46,57
EMB,104.89,105.05,105.79,105.09,104.7,58
EMB,105.4384,104.49,105.55,105.79,104.43,59
EMB,105.3,105.08,105.51,105.55,104.84,60
EMB,105.01,105.41,105.48,105.51,104.77,61
EMB,105.08,105.39,105.29,105.48,105.04,62
EMB,105.28,105.27,105.83,105.29,104.76,63
EMB,105.58,105.755,105.21,105.83,105.515,64
EMB,105.12,104.82,104.565,105.21,104.79,65
EMB,104.39,104.35,104.37,104.565,104.09,66
EMB,104.11,104.25,104.0,104.37,103.99,67
EMB,103.96,103.95,104.47,104.0,103.78,68
EMB,104.29,104.32,104.14,104.47,104.185,69
EMB,103.87,102.91,103.4,104.14,102.88,70
EMB,103.19,102.4,102.97,103.4,101.85,71
EMB,102.7,102.74,103.365,102.97,102.36,72
EMB,103.24,103.14,103.51,103.365,102.995,73
EMB,103.36,103.43,103.31,103.51,103.04,74
EMB,103.18,102.96,103.22,103.31,102.8,75
EMB,103.07,103.05,102.55,103.22,102.69,76
EMB,102.32,101.69,101.54,102.55,101.47,77
EMB,101.44,99.99,99.03,101.54,99.99,78
EMB,97.15,98.96,100.99,99.03,96.86,79
EMB,100.8,100.18,99.57,100.99,99.78,80
EMB,97.94,99.2337,100.52,99.57,97.92,81
EMB,97.87,97.32,98.7,100.52,96.93,82
EMB,97.6,97.11,97.87,98.7,96.75,83
EMB,97.01,96.7,95.805,97.87,96.405,84
EMB,95.78,94.6,94.6,95.805,94.28,85
EMB,94.6,93.86,95.87,94.6,93.68,86
EMB,94.0,94.73,96.27,95.87,94.0,87
EMB,95.67,95.61,95.87,96.27,95.26,88
EMB,95.26,95.76,95.89,95.87,94.96,89
USIG,60.03,60.205,60.28,60.24,60.03,1
USIG,60.27,60.1,60.4199,60.28,59.97,2
USIG,60.16,60.33,60.75,60.4199,60.15,3
USIG,60.58,60.69,60.64,60.75,60.46,4
USIG,60.64,60.55,60.86,60.64,60.493,5
USIG,60.81,60.71,60.63,60.86,60.7,6
USIG,60.63,60.22,60.26,60.63,60.11,7
USIG,60.25,60.08,60.18,60.26,60.0301,8
USIG,60.14,60.03,60.0,60.18,59.96,9
USIG,59.99,59.68,59.81,60.0,59.67,10
USIG,59.64,59.615,59.8,59.81,59.5799,11
USIG,59.56,59.8,59.93,59.8,59.5139,12
USIG,59.75,59.88,60.127,59.93,59.74,13
USIG,60.1,60.07,59.94,60.127,60.01,14
USIG,59.88,59.63,59.56,59.94,59.6116,15
USIG,59.53,59.31,59.55,59.56,59.31,16
USIG,59.3,59.54,59.97,59.55,59.24,17
USIG,59.76,59.97,59.99,59.97,59.65,18
USIG,59.7,59.99,60.32,59.99,59.63,19
USIG,60.15,60.06,59.97,60.32,59.955,20
USIG,59.85,59.95,60.06,59.97,59.77,21
USIG,59.99,60.03,60.54,60.06,59.88,22
USIG,60.04,60.41,60.41,60.54,60.02,23
USIG,60.39,60.15,60.3167,60.41,60.13,24
USIG,60.15,60.13,60.06,60.3167,60.1003,25
USIG,60.05,59.83,60.02,60.06,59.76,26
USIG,59.95,59.82,60.07,60.02,59.815,27
USIG,59.95,59.9,60.23,60.07,59.845,28
USIG,60.09,60.12,60.035,60.23,60.075,29
USIG,60.0,59.91,59.97,60.035,59.82,30
USIG,59.76,59.97,59.98,59.97,59.73,31
USIG,59.87,59.83,60.12,59.98,59.78,32
USIG,60.12,59.96,59.96,60.12,59.9,33
USIG,59.94,59.77,59.835,59.96,59.73,34
USIG,59.6,59.82,59.92,59.835,59.57,35
USIG,59.9,59.9,59.9,59.92,59.79,36
USIG,59.88,59.835,59.98,59.9,59.7141,37
USIG,59.83,59.92,60.06,59.98,59.78,38
USIG,60.05,59.875,59.725,60.06,59.8179,39
USIG,59.68,59.63,59.84,59.725,59.55,40
USIG,59.76,59.83,59.92,59.84,59.62,41
USIG,59.85,59.73,59.48,59.92,59.73,42
USIG,59.48,59.27,59.32,59.48,59.27,43
USIG,59.2,59.3,59.38,59.32,59.12,44
USIG,59.37,59.01,59.0,59.38,59.005,45
USIG,58.92,58.93,58.89,59.0,58.84,46
USIG,58.8781,58.75,58.72,58.89,58.65,47
USIG,58.63,58.71,58.86,58.72,58.5,48
USIG,58.68,58.84,58.96,58.86,58.63,49
USIG,58.9,58.81,58.9567,58.96,58.8,50
USIG,58.87,58.94,58.76,58.9567,58.74,51
USIG,58.75,58.55,58.28,58.76,58.51,52
USIG,58.28,58.07,58.34,58.28,58.06,53
USIG,58.19,58.12,58.2673,58.34,58.12,54
USIG,58.22,58.14,58.52,58.2673,58.08,55
USIG,58.38,58.46,58.48,58.52,58.35,56
USIG,58.47,58.29,58.3971,58.48,58.28,57
USIG,58.32,58.17,58.31,58.3971,58.1428,58
USIG,58.29,57.8,58.12,58.31,57.79,59
USIG,57.98,57.96,58.01,58.12,57.88,60
USIG,57.73,57.995,58.045,58.01,57.7,61
USIG,57.87,57.99,57.98,58.045,57.84,62
USIG,57.91,57.94,58.16,57.98,57.72,63
USIG,58.04,57.945,57.69,58.16,57.94,64
USIG,57.64,57.62,57.25,57.69,57.5182,65
USIG,57.25,57.14,57.26,57.25,57.025,66
USIG,57.1,57.23,57.19,57.26,57.061,67
USIG,57.17,57.025,57.3388,57.19,57.02,68
USIG,57.22,57.16,56.985,57.3388,57.16,69
USIG,56.88,56.525,56.91,56.985,56.52,70
USIG,56.64,56.875,56.69,56.91,56.45,71
USIG,56.62,56.47,56.5,56.69,56.455,72
USIG,56.39,56.24,56.38,56.5,56.24,73
USIG,56.36,56.32,56.5099,56.38,56.09,74
USIG,56.38,56.38,56.51,56.5099,56.281,75
USIG,56.5,56.48,56.4082,56.51,56.3385,76
USIG,56.32,56.405,56.32,56.4082,56.27,77
USIG,56.31,55.985,56.225,56.32,55.98,78
USIG,55.95,56.21,56.32,56.225,55.95,79
USIG,56.23,56.29,56.81,56.32,56.172,80
USIG,56.5,56.78,57.15,56.81,56.475,81
USIG,56.79,56.845,56.57,57.15,56.71,82
USIG,56.55,56.08,56.365,56.57,56.08,83
USIG,56.26,56.24,56.575,56.365,56.17,84
USIG,56.53,56.29,56.15,56.575,56.2631,85
USIG,56.01,55.76,55.6599,56.15,55.73,86
USIG,55.45,55.49,55.67,55.6599,55.27,87
USIG,55.51,55.51,55.26,55.67,55.485,88
USIG,55.25,55.05,55.1,55.26,54.88,89
IGIB,59.62,59.72,59.73,59.73,59.6014,1
IGIB,59.71,59.63,59.909,59.73,59.5,2
IGIB,59.71,59.85,60.18,59.909,59.69,3
IGIB,59.97,60.13,60.07,60.18,59.91,4
IGIB,60.07,59.94,60.16,60.07,59.9001,5
IGIB,60.11,60.06,59.96,60.16,60.05,6
IGIB,59.95,59.655,59.67,59.96,59.61,7
IGIB,59.66,59.48,59.66,59.67,59.46,8
IGIB,59.64,59.55,59.52,59.66,59.5,9
IGIB,59.5,59.28,59.37,59.52,59.27,10
IGIB,59.25,59.25,59.3957,59.37,59.23,11
IGIB,59.24,59.395,59.46,59.3957,59.215,12
IGIB,59.33,59.44,59.63,59.46,59.33,13
IGIB,59.55,59.53,59.405,59.63,59.51,14
IGIB,59.34,59.155,59.07,59.405,59.14,15
IGIB,59.04,58.925,59.02,59.07,58.92,16
IGIB,58.87,59.01,59.36,59.02,58.8321,17
IGIB,59.18,59.34,59.41,59.36,59.165,18
IGIB,59.19,59.395,59.74,59.41,59.16,19
IGIB,59.58,59.46,59.25,59.74,59.32,20
IGIB,59.14,59.23,59.25,59.25,59.1,21
IGIB,59.21,59.22,59.64,59.25,59.13,22
IGIB,59.25,59.53,59.52,59.64,59.21,23
IGIB,59.49,59.35,59.47,59.52,59.33,24
IGIB,59.3359,59.37,59.32,59.47,59.33,25
IGIB,59.32,59.21,59.35,59.32,59.14,26
IGIB,59.3,59.23,59.415,59.35,59.21,27
IGIB,59.33,59.31,59.57,59.415,59.2701,28
IGIB,59.43,59.48,59.39,59.57,59.4225,29
IGIB,59.39,59.315,59.4,59.39,59.274,30
IGIB,59.24,59.4,59.45,59.4,59.18,31
IGIB,59.37,59.4,59.53,59.45,59.35,32
IGIB,59.46,59.43,59.47,59.53,59.41,33
IGIB,59.43,59.36,59.32,59.47,59.3128,34
IGIB,59.06,59.31,59.38,59.32,59.06,35
IGIB,59.37,59.34,59.34,59.38,59.2627,36
IGIB,59.31,59.31,59.43,59.34,59.235,37
IGIB,59.32,59.39,59.49,59.43,59.3,38
IGIB,59.47,59.395,59.29,59.49,59.365,39
IGIB,59.27,59.2,59.36,59.29,59.155,40
IGIB,59.26,59.36,59.39,59.36,59.195,41
IGIB,59.36,59.26,59.03,59.39,59.26,42
IGIB,59.012,58.91,58.95,59.03,58.88,43
IGIB,58.82,58.9401,58.98,58.95,58.79,44
IGIB,58.96,58.66,58.59,58.98,58.65,45
IGIB,58.55,58.535,58.47,58.59,58.49,46
IGIB,58.45,58.375,58.33,58.47,58.29,47
IGIB,58.25,58.33,58.44,58.33,58.155,48
IGIB,58.29,58.41,58.54,58.44,58.24,49
IGIB,58.48,58.42,58.5366,58.54,58.41,50
IGIB,58.44,58.52,58.41,58.5366,58.39,51
IGIB,58.41,58.21,57.985,58.41,58.2,52
IGIB,57.95,57.8,58.0,57.985,57.7812,53
IGIB,57.91,57.85,57.9699,58.0,57.84,54
IGIB,57.93,57.86,58.145,57.9699,57.82,55
IGIB,58.07,58.1,58.179,58.145,58.035,56
IGIB,58.14,58.05,58.1068,58.179,58.03,57
IGIB,58.03,57.94,58.06,58.1068,57.94,58
IGIB,58.04,57.62,57.8299,58.06,57.61,59
IGIB,57.68,57.71,57.78,57.8299,57.65,60
IGIB,57.52,57.76,57.84,57.78,57.52,61
IGIB,57.7,57.82,57.78,57.84,57.655,62
IGIB,57.74,57.745,57.9,57.78,57.57,63
IGIB,57.815,57.77,57.53,57.9,57.77,64
IGIB,57.5227,57.465,57.13,57.53,57.433,65
IGIB,57.09,57.09,57.179,57.13,56.955,66
IGIB,57.03,57.14,57.07,57.179,57.0004,67
IGIB,57.06,56.98,57.19,57.07,56.96,68
IGIB,57.08,57.055,56.89,57.19,57.05,69
IGIB,56.82,56.51,56.895,56.89,56.5,70
IGIB,56.66,56.87,56.68,56.895,56.495,71
IGIB,56.63,56.55,56.58,56.68,56.53,72
IGIB,56.46,56.4,56.5,56.58,56.4,73
IGIB,56.48,56.46,56.62,56.5,56.3021,74
IGIB,56.52,56.56,56.66,56.62,56.495,75
IGIB,56.65,56.62,56.52,56.66,56.525,76
IGIB,56.46,56.51,56.4,56.52,56.4,77
IGIB,56.37,56.18,56.37,56.4,56.18,78
IGIB,56.18,56.33,56.4,56.37,56.14,79
IGIB,56.32,56.38,56.84,56.4,56.28,80
IGIB,56.58,56.8,57.19,56.84,56.58,81
IGIB,56.87,56.97,56.73,57.19,56.86,82
IGIB,56.69,56.35,56.559,56.73,56.34,83
IGIB,56.5,56.47,56.76,56.559,56.38,84
IGIB,56.72,56.56,56.395,56.76,56.53,85
IGIB,56.29,56.07,55.89,56.395,56.06,86
IGIB,55.81,55.76,55.83,55.89,55.66,87
IGIB,55.72,55.735,55.56,55.83,55.69,88
IGIB,55.54,55.36,55.38,55.56,55.245,89
VCIT,93.64,93.85,93.87,93.87,93.64,1
VCIT,93.8,93.76,94.18,93.87,93.53,2
VCIT,93.85,94.07,94.6,94.18,93.82,3
VCIT,94.15,94.515,94.44,94.6,94.15,4
VCIT,94.44,94.21,94.57,94.44,94.16,5
VCIT,94.5,94.4,94.24,94.57,94.39,6
VCIT,94.23,93.75,93.85,94.24,93.7,7
VCIT,93.72,93.455,93.75,93.85,93.42,8
VCIT,93.7265,93.58,93.53,93.75,93.5,9
VCIT,93.49,93.15,93.28,93.53,93.14,10
VCIT,93.07,93.05,93.31,93.28,93.05,11
VCIT,93.08,93.305,93.42,93.31,93.02,12
VCIT,93.23,93.36,93.69,93.42,93.19,13
VCIT,93.5308,93.51,93.33,93.69,93.49,14
VCIT,93.21,92.9101,92.8099,93.33,92.895,15
VCIT,92.77,92.54,92.675,92.8099,92.54,16
VCIT,92.44,92.67,93.26,92.675,92.4,17
VCIT,92.97,93.25,93.32,93.26,92.93,18
VCIT,92.92,93.27,93.875,93.32,92.88,19
VCIT,93.64,93.41,93.28,93.875,93.25,20
VCIT,93.13,93.24,93.29,93.28,93.0507,21
VCIT,93.22,93.24,93.91,93.29,93.09,22
VCIT,93.3,93.75,93.74,93.91,93.23,23
VCIT,93.72,93.47,93.63,93.74,93.415,24
VCIT,93.43,93.5,93.49,93.63,93.43,25
VCIT,93.41,93.27,93.4665,93.49,93.13,26
VCIT,93.39,93.27,93.54,93.4665,93.24,27
VCIT,93.38,93.36,93.785,93.54,93.32,28
VCIT,93.56,93.665,93.51,93.785,93.5529,29
VCIT,93.49,93.38,93.54,93.51,93.31,30
VCIT,93.22,93.505,93.9829,93.54,93.17,31
VCIT,93.9829,93.69,93.93,93.9829,93.62,32
VCIT,93.77,93.79,93.81,93.93,93.73,33
VCIT,93.77,93.64,93.9519,93.81,93.58,34
VCIT,93.9519,93.58,93.68,93.9519,92.75,35
VCIT,93.659,93.63,92.85,93.68,93.51,36
VCIT,92.82,92.83,93.0,92.85,92.69,37
VCIT,92.81,92.95,93.11,93.0,92.8099,38
VCIT,93.06,92.96,92.7957,93.11,92.915,39
VCIT,92.73,92.65,92.89,92.7957,92.58,40
VCIT,92.76,92.88,92.97,92.89,92.635,41
VCIT,92.9013,92.75,92.38,92.97,92.74,42
VCIT,92.37,92.18,92.24,92.38,92.14,43
VCIT,92.064,92.2396,92.3,92.24,92.0,44
VCIT,92.2571,91.78,91.69,92.3,91.76,45
VCIT,91.6,91.59,91.49,91.69,91.52,46
VCIT,91.46,91.33,91.25,91.49,91.21,47
VCIT,91.13,91.24,91.42,91.25,90.99,48
VCIT,91.16,91.38,91.62,91.42,91.12,49
VCIT,91.5,91.42,91.6,91.62,91.42,50
VCIT,91.44,91.59,91.39,91.6,91.37,51
VCIT,91.37,91.085,90.7067,91.39,91.06,52
VCIT,90.68,90.42,90.7509,90.7067,90.41,53
VCIT,90.58,90.52,90.71,90.7509,90.52,54
VCIT,90.63,90.52,90.96,90.71,90.46,55
VCIT,90.91,90.88,91.0389,90.96,90.79,56
VCIT,91.0,90.84,90.93,91.0389,90.81,57
VCIT,90.8147,90.69,90.87,90.93,90.6521,58
VCIT,90.79,90.15,90.4699,90.87,90.13,59
VCIT,90.24,90.28,90.39,90.4699,90.2,60
VCIT,90.0,90.39,90.49,90.39,89.96,61
VCIT,90.26,90.43,90.43,90.49,90.1898,62
VCIT,90.31,90.35,90.6,90.43,90.05,63
VCIT,90.43,90.41,90.04,90.6,90.38,64
VCIT,90.0,89.92,89.386,90.04,89.8434,65
VCIT,89.38,89.32,89.4599,89.386,89.095,66
VCIT,89.2353,89.4,89.3,89.4599,89.18,67
VCIT,89.27,89.145,89.525,89.3,89.13,68
VCIT,89.33,89.29,89.05,89.525,89.29,69
VCIT,88.86,88.44,89.08,89.05,88.42,70
VCIT,88.68,89.015,88.78,89.08,88.399,71
VCIT,88.56,88.49,88.5533,88.78,88.455,72
VCIT,88.3812,88.29,88.41,88.5533,88.28,73
VCIT,88.39,88.35,88.6,88.41,88.09,74
VCIT,88.47,88.51,88.66,88.6,88.41,75
VCIT,88.65,88.56,88.435,88.66,88.43,76
VCIT,88.34,88.41,88.25,88.435,88.245,77
VCIT,88.24,87.95,88.24,88.25,87.93,78
VCIT,87.91,88.12,88.295,88.24,87.85,79
VCIT,88.13,88.23,88.96,88.295,88.08,80
VCIT,88.57,88.95,89.58,88.96,88.57,81
VCIT,89.03,89.2,88.86,89.58,89.03,82
VCIT,88.78,88.2456,88.575,88.86,88.225,83
VCIT,88.44,88.46,88.93,88.575,88.3,84
VCIT,88.83,88.61,88.38,88.93,88.5819,85
VCIT,88.12,87.86,87.56,88.38,87.825,86
VCIT,87.39,87.33,87.43,87.56,87.16,87
VCIT,87.21,87.25,87.03,87.43,87.21,88
VCIT,87.02,86.68,86.7201,87.03,86.465,89
IEF,114.67,114.82,114.88,114.96,114.66,1
IEF,114.84,114.47,115.17,114.88,114.27,2
IEF,114.66,115.06,115.81,115.17,114.66,3
IEF,115.34,115.7,115.52,115.81,115.22,4
IEF,115.52,115.2,115.98,115.52,115.16,5
IEF,115.695,115.75,115.57,115.98,115.65,6
IEF,115.54,114.75,114.8,115.57,114.54,7
IEF,114.75,114.4,114.94,114.8,114.39,8
IEF,114.8,114.63,114.5786,114.94,114.52,9
IEF,114.55,114.18,114.4,114.5786,114.13,10
IEF,114.18,114.11,114.49,114.4,114.05,11
IEF,114.07,114.49,114.58,114.49,114.05,12
IEF,114.31,114.55,115.11,114.58,114.29,13
IEF,114.92,114.84,114.435,115.11,114.79,14
IEF,114.33,114.03,113.88,114.435,113.945,15
IEF,113.82,113.55,113.92,113.88,113.55,16
IEF,113.57,113.91,115.39,113.92,113.5,17
IEF,114.96,115.34,115.195,115.39,114.92,18
IEF,114.7,115.11,116.145,115.195,114.66,19
IEF,115.82,115.78,115.93,116.145,115.22,20
IEF,115.298,115.92,115.95,115.93,115.155,21
IEF,115.9,115.68,116.64,115.95,115.41,22
IEF,115.49,116.35,116.28,116.64,115.39,23
IEF,116.19,115.78,115.7,116.28,115.65,24
IEF,115.48,115.335,115.2,115.7,115.255,25
IEF,115.17,114.97,115.44,115.2,114.815,26
IEF,115.25,115.27,115.655,115.44,115.1,27
IEF,115.44,115.325,115.985,115.655,115.28,28
IEF,115.63,115.9,115.805,115.985,115.61,29
IEF,115.63,115.69,115.73,115.805,115.4305,30
IEF,115.41,115.5,115.905,115.73,115.28,31
IEF,115.58,115.76,116.335,115.905,115.5584,32
IEF,116.12,116.01,116.35,116.335,115.94,33
IEF,116.2,115.92,115.54,116.35,115.88,34
IEF,115.49,115.44,115.64,115.54,115.23,35
IEF,115.63,115.55,115.49,115.64,115.335,36
IEF,115.48,115.31,115.42,115.49,115.18,37
IEF,115.28,115.35,115.58,115.42,115.25,38
IEF,115.55,115.33,115.07,115.58,115.28,39
IEF,114.97,114.77,115.14,115.07,114.665,40
IEF,114.98,115.14,115.31,115.14,114.79,41
IEF,115.16,115.01,114.41,115.31,115.0,42
IEF,114.37,113.94,113.89,114.41,113.94,43
IEF,113.67,113.88,113.9,113.89,113.58,44
IEF,113.89,113.41,113.2078,113.9,113.31,45
IEF,113.14,113.13,113.0,113.2078,112.98,46
IEF,112.96,112.74,112.75,113.0,112.47,47
IEF,112.47,112.72,112.99,112.75,112.38,48
IEF,112.65,112.98,113.43,112.99,112.5601,49
IEF,113.17,113.0,113.4,113.43,112.98,50
IEF,113.07,113.34,113.09,113.4,112.975,51
IEF,113.07,112.6,112.195,113.09,112.545,52
IEF,112.1,111.73,112.2152,112.195,111.69,53
IEF,111.9,112.01,112.24,112.2152,111.8448,54
IEF,112.17,112.24,113.05,112.24,112.03,55
IEF,112.87,112.89,113.285,113.05,112.65,56
IEF,113.24,112.78,113.085,113.285,112.77,57
IEF,112.9,112.65,112.7614,113.085,112.5737,58
IEF,112.66,111.84,112.52,112.7614,111.84,59
IEF,112.11,112.33,112.66,112.52,112.09,60
IEF,112.15,112.56,112.65,112.66,112.12,61
IEF,112.36,112.56,112.54,112.65,112.29,62
IEF,112.5,112.29,112.813,112.54,112.13,63
IEF,112.42,112.54,112.16,112.813,112.4,64
IEF,112.04,112.08,111.45,112.16,111.92,65
IEF,111.41,111.21,111.345,111.45,111.09,66
IEF,111.23,111.24,110.99,111.345,111.09,67
IEF,110.93,110.85,111.37,110.99,110.81,68
IEF,111.13,111.02,110.68,111.37,110.98,69
IEF,110.612,109.99,111.23,110.68,109.96,70
IEF,110.47,111.14,110.83,111.23,109.92,71
IEF,110.54,110.39,110.2363,110.83,110.2099,72
IEF,110.05,110.025,110.344,110.2363,109.96,73
IEF,110.32,110.26,110.9,110.344,109.94,74
IEF,110.53,110.84,111.23,110.9,110.52,75
IEF,111.05,111.2,111.22,111.23,110.965,76
IEF,110.97,111.21,110.9,111.22,110.84,77
IEF,110.8,110.65,111.545,110.9,110.51,78
IEF,111.51,110.9,110.88,111.545,110.73,79
IEF,110.72,110.86,112.14,110.88,110.48,80
IEF,111.6,112.07,113.485,112.14,111.58,81
IEF,112.59,113.11,112.56,113.485,112.55,82
IEF,112.46,111.4,112.1,112.56,111.39,83
IEF,111.69,111.91,113.3,112.1,111.49,84
IEF,112.88,112.99,113.08,113.3,112.765,85
IEF,112.465,112.52,112.07,113.08,112.44,86
IEF,111.87,111.81,111.43,112.07,111.645,87
IEF,111.33,111.11,110.8302,111.43,110.98,88
IEF,110.72,110.62,110.7,110.8302,110.36,89
IUSB,53.02,53.1,53.14,53.125,53.02,1
IUSB,53.13,53.015,53.22,53.14,52.96,2
IUSB,53.05,53.19,53.45,53.22,53.05,3
IUSB,53.29,53.4,53.36,53.45,53.25,4
IUSB,53.35,53.29,53.5,53.36,53.28,5
IUSB,53.44,53.41,53.34,53.5,53.41,6
IUSB,53.32,53.07,53.11,53.34,53.015,7
IUSB,53.09,53.01,53.12,53.11,53.0,8
IUSB,53.1,52.99,52.99,53.12,52.97,9
IUSB,52.98,52.825,52.9017,52.99,52.82,10
IUSB,52.83,52.79,52.9,52.9017,52.78,11
IUSB,52.775,52.9,52.97,52.9,52.76,12
IUSB,52.85,52.95,53.12,52.97,52.85,13
IUSB,53.07,53.04,52.959,53.12,53.0337,14
IUSB,52.92,52.785,52.73,52.959,52.765,15
IUSB,52.7,52.59,52.7,52.73,52.59,16
IUSB,52.59,52.68,53.0,52.7,52.5501,17
IUSB,52.89,53.0,53.02,53.0,52.86,18
IUSB,52.81,52.99,53.24,53.02,52.81,19
IUSB,53.13,53.09,53.05,53.24,52.97,20
IUSB,52.93,53.05,53.0864,53.05,52.88,21
IUSB,53.06,53.07,53.3299,53.0864,52.97,22
IUSB,53.03,53.25,53.245,53.3299,53.0,23
IUSB,53.23,53.1,53.15,53.245,53.08,24
IUSB,53.07,53.05,53.02,53.15,53.04,25
IUSB,53.02,52.925,53.02,53.02,52.8843,26
IUSB,52.9547,52.94,53.07,53.02,52.9001,27
IUSB,53.02,52.96,53.16,53.07,52.94,28
IUSB,53.06,53.1,53.075,53.16,53.05,29
IUSB,53.02,53.02,53.02,53.075,52.955,30
IUSB,52.92,52.97,53.0366,53.02,52.885,31
IUSB,52.96,52.98,53.1233,53.0366,52.95,32
IUSB,53.04,53.055,53.075,53.1233,53.02,33
IUSB,53.04,52.96,53.05,53.075,52.95,34
IUSB,53.05,52.94,52.98,53.05,52.81,35
IUSB,52.98,52.98,52.961,52.98,52.91,36
IUSB,52.96,52.93,52.99,52.961,52.87,37
IUSB,52.92,52.97,53.065,52.99,52.9037,38
IUSB,53.05,52.96,52.9,53.065,52.94,39
IUSB,52.87,52.825,52.93,52.9,52.78,40
IUSB,52.87,52.9289,52.98,52.93,52.805,41
IUSB,52.92,52.92,52.735,52.98,52.8819,42
IUSB,52.72,52.56,52.58,52.735,52.56,43
IUSB,52.52,52.565,52.6,52.58,52.46,44
IUSB,52.58,52.4,52.35,52.6,52.4,45
IUSB,52.31,52.32,52.28,52.35,52.27,46
IUSB,52.26,52.19,52.14,52.28,52.1137,47
IUSB,52.05,52.14,52.24,52.14,52.01,48
IUSB,52.1,52.235,52.31,52.24,52.0753,49
IUSB,52.2759,52.225,52.27,52.31,52.22,50
IUSB,52.19,52.26,52.16,52.27,52.15,51
IUSB,52.15,52.02,51.8499,52.16,52.0,52
IUSB,51.84,51.69,51.8868,51.8499,51.68,53
IUSB,51.79,51.785,51.9,51.8868,51.78,54
IUSB,51.87,51.84,52.08,51.9,51.82,55
IUSB,52.025,52.03,52.0776,52.08,51.9715,56
IUSB,52.06,51.95,52.03,52.0776,51.95,57
IUSB,51.97,51.9,51.975,52.03,51.88,58
IUSB,51.95,51.625,51.89,51.975,51.62,59
IUSB,51.79,51.77,51.83,51.89,51.75,60
IUSB,51.655,51.8,51.8277,51.83,51.65,61
IUSB,51.71,51.78,51.77,51.8277,51.68,62
IUSB,51.74,51.735,51.9,51.77,51.6234,63
IUSB,51.78,51.78,51.64,51.9,51.78,64
IUSB,51.59,51.59,51.36,51.64,51.53,65
IUSB,51.33,51.255,51.33,51.36,51.2214,66
IUSB,51.26,51.29,51.2205,51.33,51.22,67
IUSB,51.2205,51.155,51.32,51.2205,51.15,68
IUSB,51.27,51.21,51.06,51.32,51.205,69
IUSB,51.02,50.74,51.06,51.06,50.74,70
IUSB,50.9,51.025,50.87,51.06,50.7235,71
IUSB,50.83,50.76,50.78,50.87,50.72,72
IUSB,50.7,50.66,50.77,50.78,50.66,73
IUSB,50.7536,50.76,50.9,50.77,50.6,74
IUSB,50.81,50.83,50.92,50.9,50.78,75
IUSB,50.8959,50.915,50.87,50.92,50.84,76
IUSB,50.81,50.865,50.7699,50.87,50.767,77
IUSB,50.76,50.61,50.78,50.7699,50.61,78
IUSB,50.71,50.68,50.75,50.78,50.6,79
IUSB,50.67,50.73,51.07,50.75,50.65,80
IUSB,50.88,51.035,51.35,51.07,50.87,81
IUSB,51.11,51.19,50.985,51.35,51.1,82
IUSB,50.96,50.62,50.815,50.985,50.62,83
IUSB,50.73,50.75,51.0058,50.815,50.6609,84
IUSB,50.96,50.9,50.81,51.0058,50.8632,85
IUSB,50.7,50.59,50.46,50.81,50.58,86
IUSB,50.43,50.41,50.429,50.46,50.35,87
IUSB,50.38,50.3401,50.19,50.429,50.3,88
IUSB,50.17,50.08,50.1,50.19,50.01,89
BND,85.22,85.335,85.405,85.39,85.21,1
BND,85.39,85.16,85.5154,85.405,85.07,2
BND,85.25,85.46,85.895,85.5154,85.24,3
BND,85.63,85.83,85.73,85.895,85.57,4
BND,85.72,85.64,86.03,85.73,85.6,5
BND,85.92,85.89,85.765,86.03,85.87,6
BND,85.75,85.305,85.35,85.765,85.2,7
BND,85.3181,85.175,85.355,85.35,85.15,8
BND,85.29,85.17,85.1177,85.355,85.105,9
BND,85.11,84.83,84.95,85.1177,84.82,10
BND,84.83,84.77,84.97,84.95,84.74,11
BND,84.73,84.96,85.08,84.97,84.71,12
BND,84.92,85.05,85.33,85.08,84.9,13
BND,85.25,85.23,85.055,85.33,85.19,14
BND,85.01,84.8043,84.71,85.055,84.75,15
BND,84.69,84.47,84.69,84.71,84.47,16
BND,84.4764,84.68,85.319,84.69,84.43,17
BND,85.08,85.285,85.29,85.319,85.04,18
BND,84.99,85.26,85.695,85.29,84.97,19
BND,85.49,85.43,85.355,85.695,85.24,20
BND,85.16,85.34,85.45,85.355,85.06,21
BND,85.415,85.34,85.83,85.45,85.19,22
BND,85.26,85.7,85.71,85.83,85.245,23
BND,85.69,85.445,85.45,85.71,85.41,24
BND,85.33,85.27,85.2,85.45,85.25,25
BND,85.18,85.02,85.18,85.2,84.9529,26
BND,85.08,85.04,85.27,85.18,84.97,27
BND,85.16,85.08,85.425,85.27,85.05,28
BND,85.25,85.3419,85.295,85.425,85.23,29
BND,85.25,85.21,85.21,85.295,85.08,30
BND,85.04,85.1,85.32,85.21,84.97,31
BND,85.15,85.215,85.4799,85.32,85.15,32
BND,85.34,85.37,85.43,85.4799,85.32,33
BND,85.38,85.24,85.19,85.43,85.2,34
BND,85.19,85.135,85.23,85.19,84.95,35
BND,85.22,85.22,84.93,85.23,85.09,36
BND,84.93,84.8302,84.93,84.93,84.74,37
BND,84.835,84.88,85.02,84.93,84.805,38
BND,85.01,84.85,84.72,85.02,84.81,39
BND,84.665,84.59,84.785,84.72,84.52,40
BND,84.69,84.77,84.91,84.785,84.56,41
BND,84.78,84.73,84.44,84.91,84.73,42
BND,84.44,84.17,84.18,84.44,84.17,43
BND,84.1,84.175,84.21,84.18,84.0,44
BND,84.21,83.89,83.82,84.21,83.86,45
BND,83.75,83.8,83.72,83.82,83.68,46
BND,83.71,83.56,83.5199,83.72,83.4422,47
BND,83.38,83.495,83.68,83.5199,83.31,48
BND,83.46,83.67,83.785,83.68,83.41,49
BND,83.73,83.62,83.7899,83.785,83.62,50
BND,83.645,83.78,83.595,83.7899,83.57,51
BND,83.59,83.31,83.08,83.595,83.3,52
BND,83.03,82.795,83.12,83.08,82.79,53
BND,82.97,82.98,83.14,83.12,82.94,54
BND,83.11,83.08,83.48,83.14,83.03,55
BND,83.35,83.38,83.5,83.48,83.28,56
BND,83.4548,83.26,83.3973,83.5,83.25,57
BND,83.3036,83.16,83.26,83.3973,83.14,58
BND,83.22,82.7,83.09,83.26,82.7,59
BND,82.9,82.96,83.08,83.09,82.89,60
BND,82.78,83.05,83.08,83.08,82.7669,61
BND,82.895,83.0,82.91,83.08,82.865,62
BND,82.89,82.84,83.1399,82.91,82.685,63
BND,82.945,82.94,82.68,83.1399,82.91,64
BND,82.61,82.61,82.22,82.68,82.505,65
BND,82.2,82.09,82.22,82.22,82.014,66
BND,82.09,82.155,82.005,82.22,82.015,67
BND,82.0,81.895,82.14,82.005,81.89,68
BND,82.03,81.955,81.69,82.14,81.94,69
BND,81.63,81.2056,81.7865,81.69,81.2,70
BND,81.45,81.735,81.46,81.7865,81.151,71
BND,81.37,81.26,81.28,81.46,81.18,72
BND,81.17,81.093,81.255,81.28,81.085,73
BND,81.24,81.205,81.49,81.255,80.96,74
BND,81.3,81.38,81.55,81.49,81.25,75
BND,81.5,81.53,81.465,81.55,81.41,76
BND,81.39,81.465,81.32,81.465,81.304,77
BND,81.3,81.09,81.48,81.32,81.08,78
BND,81.39,81.255,81.33,81.48,81.145,79
BND,81.2,81.31,81.95,81.33,81.14,80
BND,81.66,81.925,82.49,81.95,81.64,81
BND,82.04,82.215,81.91,82.49,82.03,82
BND,81.86,81.23,81.625,81.91,81.23,83
BND,81.47,81.543,82.02,81.625,81.35,84
BND,81.89,81.85,81.73,82.02,81.77,85
BND,81.53,81.41,81.125,81.73,81.38,86
BND,81.05,81.035,81.0,81.125,80.97,87
BND,80.9,80.855,80.61,81.0,80.79,88
BND,80.59,80.41,80.4856,80.61,80.29,89
LMBS,50.45,50.41,50.5235,50.47,50.4,1
LMBS,50.5235,50.4,50.48,50.5235,50.38,2
LMBS,50.41,50.402,50.4599,50.48,50.4,3
LMBS,50.44,50.43,50.46,50.4599,50.41,4
LMBS,50.46,50.39,50.42,50.46,50.38,5
LMBS,50.42,50.38,50.41,50.42,50.35,6
LMBS,50.41,50.2,50.2875,50.41,50.19,7
LMBS,50.24,50.2,50.24,50.2875,50.19,8
LMBS,50.21,50.22,50.2506,50.24,50.21,9
LMBS,50.2506,50.205,50.28,50.2506,50.2,10
LMBS,50.25,50.23,50.265,50.28,50.2,11
LMBS,50.24,50.25,50.28,50.265,50.22,12
LMBS,50.25,50.27,50.3,50.28,50.225,13
LMBS,50.27,50.265,50.3,50.3,50.26,14
LMBS,50.21,50.19,50.12,50.3,50.1846,15
LMBS,50.1,50.06,50.19,50.12,50.05,16
LMBS,50.09,50.07,50.167,50.19,50.06,17
LMBS,50.167,50.105,50.13,50.167,50.1,18
LMBS,50.09,50.1,50.2,50.13,50.09,19
LMBS,50.12,50.155,50.1955,50.2,50.12,20
LMBS,50.1955,50.15,50.18,50.1955,50.069,21
LMBS,50.17,50.11,50.14,50.18,50.1,22
LMBS,50.07,50.11,50.15,50.14,50.07,23
LMBS,50.08,50.02,50.055,50.15,50.01,24
LMBS,50.03,50.0,50.08,50.055,50.0,25
LMBS,50.01,50.08,50.13,50.08,50.01,26
LMBS,50.06,50.09,50.13,50.13,50.0591,27
LMBS,50.07,50.08,50.11,50.13,50.07,28
LMBS,50.05,50.095,50.09,50.11,50.05,29
LMBS,50.08,50.08,50.09,50.09,50.01,30
LMBS,50.0566,50.04,50.13,50.09,50.02,31
LMBS,50.03,50.12,50.13,50.13,50.03,32
LMBS,50.06,50.12,50.14,50.13,50.06,33
LMBS,50.1,50.13,50.12,50.14,50.08,34
LMBS,50.09,50.08,50.13,50.12,50.07,35
LMBS,50.09,50.1,50.07,50.13,50.0601,36
LMBS,50.05,50.04,50.15,50.07,50.01,37
LMBS,50.059,50.06,50.08,50.15,50.03,38
LMBS,50.05,50.0,50.07,50.08,49.99,39
LMBS,50.01,49.98,50.0299,50.07,49.98,40
LMBS,50.01,49.97,49.99,50.0299,49.94,41
LMBS,49.97,49.99,49.99,49.99,49.96,42
LMBS,49.97,49.94,50.04,49.99,49.9,43
LMBS,49.98,50.02,50.04,50.04,49.98,44
LMBS,50.0363,49.99,50.0,50.04,49.97,45
LMBS,50.0,49.96,49.97,50.0,49.9,46
LMBS,49.96,49.83,49.95,49.97,49.8,47
LMBS,49.86,49.94,49.92,49.95,49.81,48
LMBS,49.84,49.89,49.94,49.92,49.84,49
LMBS,49.91,49.905,49.91,49.94,49.9,50
LMBS,49.9,49.9076,49.9,49.91,49.87,51
LMBS,49.89,49.81,49.81,49.9,49.795,52
LMBS,49.77,49.78,49.88,49.81,49.74,53
LMBS,49.83,49.875,49.885,49.88,49.75,54
LMBS,49.83,49.82,49.82,49.885,49.81,55
LMBS,49.75,49.8,49.7799,49.82,49.75,56
LMBS,49.75,49.73,49.78,49.7799,49.72,57
LMBS,49.76,49.74,49.76,49.78,49.71,58
LMBS,49.74,49.69,49.79,49.76,49.68,59
LMBS,49.74,49.78,49.74,49.79,49.73,60
LMBS,49.71,49.735,49.76,49.74,49.71,61
LMBS,49.72,49.73,49.78,49.76,49.71,62
LMBS,49.75,49.755,49.78,49.78,49.71,63
LMBS,49.76,49.765,49.8,49.78,49.73,64
LMBS,49.8,49.73,49.71,49.8,49.71,65
LMBS,49.71,49.64,49.67,49.71,49.63,66
LMBS,49.62,49.66,49.66,49.67,49.6,67
LMBS,49.66,49.655,49.69,49.66,49.615,68
LMBS,49.67,49.635,49.63,49.69,49.63,69
LMBS,49.63,49.56,49.6279,49.63,49.55,70
LMBS,49.56,49.598,49.58,49.6279,49.56,71
LMBS,49.57,49.54,49.58,49.58,49.5,72
LMBS,49.51,49.555,49.5999,49.58,49.49,73
LMBS,49.53,49.555,49.59,49.5999,49.53,74
LMBS,49.59,49.58,49.53,49.59,49.54,75
LMBS,49.49,49.505,49.48,49.53,49.49,76
LMBS,49.48,49.465,49.44,49.48,49.44,77
LMBS,49.42,49.43,49.48,49.44,49.41,78
LMBS,49.45,49.44,49.46,49.48,49.4,79
LMBS,49.46,49.44,49.53,49.46,49.42,80
LMBS,49.4734,49.53,49.58,49.53,49.46,81
LMBS,49.5,49.53,49.5699,49.58,49.48,82
LMBS,49.53,49.395,49.5,49.5699,49.38,83
LMBS,49.4,49.47,49.52,49.5,49.4,84
LMBS,49.46,49.495,49.47,49.52,49.46,85
LMBS,49.46,49.39,49.3953,49.47,49.37,86
LMBS,49.39,49.295,49.33,49.3953,49.29,87
LMBS,49.29,49.31,49.32,49.33,49.28,88
LMBS,49.28,49.28,49.3099,49.32,49.2531,89
VMBS,53.16,53.14,53.15,53.175,53.115,1
VMBS,53.15,53.07,53.18,53.15,53.02,2
VMBS,53.09,53.14,53.28,53.18,53.05,3
VMBS,53.15,53.27,53.25,53.28,53.15,4
VMBS,53.25,53.21,53.2763,53.25,53.185,5
VMBS,53.22,53.22,53.21,53.2763,53.21,6
VMBS,53.21,52.97,53.05,53.21,52.97,7
VMBS,53.01,53.01,53.08,53.05,53.0,8
VMBS,53.02,53.0,52.98,53.08,52.95,9
VMBS,52.97,52.89,52.94,52.98,52.8832,10
VMBS,52.89,52.91,52.98,52.94,52.85,11
VMBS,52.91,52.97,53.0,52.98,52.9,12
VMBS,52.97,53.0,53.09,53.0,52.95,13
VMBS,53.02,53.025,52.94,53.09,53.02,14
VMBS,52.94,52.84,52.84,52.94,52.83,15
VMBS,52.81,52.7289,52.74,52.84,52.72,16
VMBS,52.71,52.715,52.99,52.74,52.6801,17
VMBS,52.82,52.97,52.99,52.99,52.74,18
VMBS,52.94,52.98,53.1419,52.99,52.865,19
VMBS,53.05,53.03,52.985,53.1419,52.96,20
VMBS,52.91,52.98,52.97,52.985,52.8723,21
VMBS,52.97,52.86,52.99,52.97,52.86,22
VMBS,52.88,52.975,52.99,52.99,52.84,23
VMBS,52.99,52.9,52.91,52.99,52.88,24
VMBS,52.91,52.84,52.88,52.91,52.83,25
VMBS,52.86,52.87,52.8892,52.88,52.8101,26
VMBS,52.88,52.83,52.9587,52.8892,52.82,27
VMBS,52.86,52.86,52.91,52.9587,52.85,28
VMBS,52.87,52.87,52.9,52.91,52.85,29
VMBS,52.88,52.875,52.86,52.9,52.84,30
VMBS,52.8,52.83,52.93,52.86,52.77,31
VMBS,52.83,52.91,53.02,52.93,52.83,32
VMBS,52.95,52.94,52.99,53.02,52.93,33
VMBS,52.94,52.915,52.877,52.99,52.905,34
VMBS,52.87,52.83,52.87,52.877,52.81,35
VMBS,52.86,52.865,52.83,52.87,52.82,36
VMBS,52.83,52.79,52.835,52.83,52.755,37
VMBS,52.77,52.81,52.85,52.835,52.77,38
VMBS,52.82,52.85,52.85,52.85,52.81,39
VMBS,52.82,52.76,52.79,52.85,52.75,40
VMBS,52.76,52.79,52.87,52.79,52.75,41
VMBS,52.79,52.85,52.7399,52.87,52.79,42
VMBS,52.73,52.6,52.66,52.7399,52.6,43
VMBS,52.62,52.6524,52.66,52.66,52.58,44
VMBS,52.65,52.485,52.44,52.66,52.4719,45
VMBS,52.43,52.435,52.3915,52.44,52.3931,46
VMBS,52.38,52.28,52.24,52.3915,52.23,47
VMBS,52.18,52.195,52.35,52.24,52.1242,48
VMBS,52.18,52.345,52.36,52.35,52.13,49
VMBS,52.3,52.28,52.305,52.36,52.2703,50
VMBS,52.26,52.3,52.22,52.305,52.203,51
VMBS,52.21,52.085,51.975,52.22,52.07,52
VMBS,51.94,51.77,52.05,51.975,51.76,53
VMBS,51.88,52.0,52.125,52.05,51.88,54
VMBS,52.09,52.055,52.23,52.125,52.03,55
VMBS,52.22,52.19,52.21,52.23,52.17,56
VMBS,52.1,52.14,52.1885,52.21,52.1,57
VMBS,52.16,52.125,52.15,52.1885,52.1,58
VMBS,52.13,51.82,51.988,52.15,51.81,59
VMBS,51.86,51.93,52.07,51.988,51.86,60
VMBS,51.95,52.07,52.0999,52.07,51.9,61
VMBS,52.01,52.05,52.03,52.0999,51.98,62
VMBS,52.03,51.96,52.08,52.03,51.93,63
VMBS,52.02,52.0,51.92,52.08,51.99,64
VMBS,51.91,51.89,51.79,51.92,51.82,65
VMBS,51.79,51.615,51.71,51.79,51.58,66
VMBS,51.66,51.66,51.58,51.71,51.64,67
VMBS,51.6,51.5,51.55,51.58,51.5,68
VMBS,51.5,51.45,51.27,51.55,51.44,69
VMBS,51.2,51.065,51.3566,51.27,51.021,70
VMBS,51.2035,51.335,51.18,51.3566,51.0307,71
VMBS,51.15,51.11,51.1597,51.18,51.04,72
VMBS,51.04,51.12,51.18,51.1597,51.04,73
VMBS,51.13,51.115,51.26,51.18,51.06,74
VMBS,51.12,51.225,51.296,51.26,51.12,75
VMBS,51.28,51.26,51.2192,51.296,51.2201,76
VMBS,51.2,51.19,51.1,51.2192,51.11,77
VMBS,51.09,51.01,51.21,51.1,50.985,78
VMBS,51.19,51.1,51.19,51.21,51.05,79
VMBS,51.1,51.19,51.5,51.19,51.05,80
VMBS,51.34,51.44,51.78,51.5,51.34,81
VMBS,51.52,51.65,51.515,51.78,51.52,82
VMBS,51.51,51.08,51.33,51.515,51.08,83
VMBS,51.24,51.33,51.62,51.33,51.17,84
VMBS,51.49,51.48,51.4198,51.62,51.45,85
VMBS,51.32,51.32,51.2,51.4198,51.3,86
VMBS,51.19,51.115,51.11,51.2,51.08,87
VMBS,51.04,51.05,50.96,51.11,51.02,88
VMBS,50.9,50.87,50.95,50.96,50.84,89
VGIT,67.02,67.09,67.09,67.15,67.02,1
VGIT,67.075,67.0,67.265,67.09,66.85,2
VGIT,67.08,67.23,67.475,67.265,67.07,3
VGIT,67.29,67.42,67.37,67.475,67.25,4
VGIT,67.37,67.2,67.455,67.37,67.2,5
VGIT,67.38,67.395,67.22,67.455,67.36,6
VGIT,67.2,66.93,66.92,67.22,66.9094,7
VGIT,66.9,66.775,66.99,66.92,66.77,8
VGIT,66.9355,66.91,66.89,66.99,66.86,9
VGIT,66.89,66.76,66.83,66.89,66.75,10
VGIT,66.73,66.74,66.9,66.83,66.7234,11
VGIT,66.74,66.89,66.92,66.9,66.73,12
VGIT,66.81,66.915,67.13,66.92,66.805,13
VGIT,67.07,66.96,66.79,67.13,66.94,14
VGIT,66.73,66.62,66.61,66.79,66.59,15
VGIT,66.55,66.52,66.59,66.61,66.51,16
VGIT,66.48,66.57,67.195,66.59,66.46,17
VGIT,67.05,67.145,67.1325,67.195,67.02,18
VGIT,66.95,67.1,67.48,67.1325,66.941,19
VGIT,67.365,67.25,67.2543,67.48,67.04,20
VGIT,67.02,67.2543,67.21,67.2543,66.96,21
VGIT,67.17,67.085,67.41,67.21,67.0,22
VGIT,67.02,67.315,67.27,67.41,66.98,23
VGIT,67.25,67.115,67.025,67.27,67.0649,24
VGIT,66.95,66.92,66.89,67.025,66.89,25
VGIT,66.85,66.82,66.98,66.89,66.76,26
VGIT,66.89,66.9,67.0472,66.98,66.84,27
VGIT,66.94,66.92,67.1499,67.0472,66.91,28
VGIT,67.01,67.09,67.06,67.1499,66.985,29
VGIT,67.02,67.015,67.01,67.06,66.945,30
VGIT,66.9,66.96,67.22,67.01,66.82,31
VGIT,67.07,67.17,67.34,67.22,67.07,32
VGIT,67.25,67.21,67.38,67.34,67.18,33
VGIT,67.3,67.225,67.095,67.38,67.215,34
VGIT,67.07,67.03,67.09,67.095,66.9701,35
VGIT,67.09,67.055,66.6,67.09,66.98,36
VGIT,66.6,66.55,66.575,66.6,66.52,37
VGIT,66.54,66.53,66.61,66.575,66.52,38
VGIT,66.61,66.55,66.49,66.61,66.54,39
VGIT,66.47,66.4,66.52,66.49,66.365,40
VGIT,66.45,66.52,66.5899,66.52,66.4,41
VGIT,66.56,66.49,66.25,66.5899,66.47,42
VGIT,66.25,66.14,66.15,66.25,66.135,43
VGIT,66.07,66.15,66.12,66.15,66.04,44
VGIT,66.12,65.925,65.83,66.12,65.89,45
VGIT,65.82,65.78,65.7371,65.83,65.7443,46
VGIT,65.71,65.66,65.64,65.7371,65.575,47
VGIT,65.54,65.61,65.695,65.64,65.5049,48
VGIT,65.53,65.69,65.8,65.695,65.5199,49
VGIT,65.76,65.715,65.86,65.8,65.69,50
VGIT,65.73,65.83,65.73,65.86,65.7,51
VGIT,65.73,65.55,65.3699,65.73,65.54,52
VGIT,65.33,65.2,65.39,65.3699,65.2,53
VGIT,65.27,65.315,65.379,65.39,65.265,54
VGIT,65.35,65.36,65.675,65.379,65.3142,55
VGIT,65.62,65.6,65.77,65.675,65.5299,56
VGIT,65.71,65.62,65.7,65.77,65.6,57
VGIT,65.6224,65.545,65.59,65.7,65.52,58
VGIT,65.56,65.21,65.385,65.59,65.21,59
VGIT,65.24,65.3,65.44,65.385,65.23,60
VGIT,65.26,65.41,65.46,65.44,65.24,61
VGIT,65.35,65.42,65.4,65.46,65.33,62
VGIT,65.38,65.3,65.49,65.4,65.25,63
VGIT,65.36,65.4,65.26,65.49,65.36,64
VGIT,65.23,65.23,64.945,65.26,65.175,65
VGIT,64.94,64.84,64.91,64.945,64.81,66
VGIT,64.8717,64.87,64.775,64.91,64.805,67
VGIT,64.75,64.72,64.87,64.775,64.7148,68
VGIT,64.8,64.74,64.5435,64.87,64.73,69
VGIT,64.52,64.19,64.73,64.5435,64.19,70
VGIT,64.44,64.68,64.54,64.73,64.225,71
VGIT,64.42,64.37,64.365,64.54,64.3,72
VGIT,64.2897,64.28,64.455,64.365,64.25,73
VGIT,64.4,64.425,64.635,64.455,64.31,74
VGIT,64.5,64.63,64.78,64.635,64.5,75
VGIT,64.71,64.75,64.7291,64.78,64.6749,76
VGIT,64.65,64.71,64.6,64.7291,64.6,77
VGIT,64.55,64.51,64.88,64.6,64.46,78
VGIT,64.88,64.62,64.62,64.88,64.585,79
VGIT,64.53,64.605,65.1395,64.62,64.4449,80
VGIT,64.93,65.06,65.68,65.1395,64.92,81
VGIT,65.3,65.49,65.245,65.68,65.29,82
VGIT,65.21,64.83,65.05,65.245,64.82,83
VGIT,64.89,64.97,65.49,65.05,64.825,84
VGIT,65.32,65.355,65.335,65.49,65.3,85
VGIT,65.15,65.15,64.98,65.335,65.13,86
VGIT,64.9,64.85,64.69,64.98,64.7816,87
VGIT,64.66,64.59,64.485,64.69,64.54,88
VGIT,64.44,64.41,64.395,64.485,64.3101,89
BNDX,56.74,56.825,56.82,56.84,56.74,1
BNDX,56.8,56.77,57.01,56.82,56.67,2
BNDX,56.86,56.98,57.23,57.01,56.85,3
BNDX,57.11,57.22,57.17,57.23,57.1,4
BNDX,57.17,57.03,57.31,57.17,57.03,5
BNDX,57.23,57.29,57.22,57.31,57.23,6
BNDX,57.23,56.97,56.98,57.22,56.97,7
BNDX,56.94,56.95,57.03,56.98,56.93,8
BNDX,56.9835,57.0,57.03,57.03,56.95,9
BNDX,57.01,56.94,56.92,57.03,56.91,10
BNDX,56.88,56.85,56.96,56.92,56.85,11
BNDX,56.82,56.96,57.04,56.96,56.81,12
BNDX,56.97,57.02,57.24,57.04,56.96,13
BNDX,57.15,57.22,57.155,57.24,57.15,14
BNDX,57.14,57.03,56.79,57.155,57.01,15
BNDX,56.77,56.735,56.81,56.79,56.72,16
BNDX,56.68,56.805,57.189,56.81,56.66,17
BNDX,57.01,57.17,57.08,57.189,56.99,18
BNDX,56.98,57.04,57.31,57.08,56.97,19
BNDX,57.22,57.234,57.24,57.31,57.12,20
BNDX,57.14,57.235,57.39,57.24,57.085,21
BNDX,57.37,57.28,57.42,57.39,57.25,22
BNDX,57.199,57.35,57.42,57.42,57.195,23
BNDX,57.38,57.34,57.34,57.42,57.34,24
BNDX,57.26,57.22,57.25,57.34,57.21,25
BNDX,57.21,57.16,57.34,57.25,57.16,26
BNDX,57.29,57.305,57.35,57.34,57.2,27
BNDX,57.33,57.305,57.46,57.35,57.28,28
BNDX,57.375,57.455,57.42,57.46,57.36,29
BNDX,57.4,57.415,57.385,57.42,57.35,30
BNDX,57.31,57.33,57.36,57.385,57.265,31
BNDX,57.22,57.25,57.42,57.36,57.21,32
BNDX,57.37,57.395,57.4,57.42,57.36,33
BNDX,57.34,57.35,57.3,57.4,57.31,34
BNDX,57.28,57.07,57.1,57.3,57.03,35
BNDX,57.0807,57.09,55.37,57.1,57.03,36
BNDX,55.36,55.355,55.35,55.37,55.28,37
BNDX,55.303,55.34,55.35,55.35,55.29,38
BNDX,55.34,55.32,55.17,55.35,55.31,39
BNDX,55.17,55.11,55.17,55.17,55.06,40
BNDX,55.16,55.15,55.21,55.17,55.13,41
BNDX,55.16,55.15,55.08,55.21,55.15,42
BNDX,55.05,54.985,55.035,55.08,54.98,43
BNDX,54.99,54.9905,54.98,55.035,54.94,44
BNDX,54.95,54.88,54.79,54.98,54.87,45
BNDX,54.78,54.79,54.82,54.79,54.73,46
BNDX,54.82,54.78,54.75,54.82,54.7048,47
BNDX,54.66,54.74,54.735,54.75,54.65,48
BNDX,54.685,54.72,54.89,54.735,54.67,49
BNDX,54.87,54.82,54.93,54.89,54.795,50
BNDX,54.86,54.9,54.87,54.93,54.835,51
BNDX,54.84,54.765,54.61,54.87,54.74,52
BNDX,54.56,54.5,54.53,54.61,54.46,53
BNDX,54.49,54.5,54.66,54.53,54.47,54
BNDX,54.6442,54.65,54.82,54.66,54.62,55
BNDX,54.785,54.775,54.82,54.82,54.74,56
BNDX,54.78,54.78,54.7456,54.82,54.7401,57
BNDX,54.7,54.6546,54.63,54.7456,54.64,58
BNDX,54.59,54.435,54.62,54.63,54.435,59
BNDX,54.55,54.55,54.62,54.62,54.55,60
BNDX,54.51,54.6102,54.45,54.62,54.5,61
BNDX,54.41,54.41,54.4,54.45,54.37,62
BNDX,54.4,54.29,54.42,54.4,54.23,63
BNDX,54.32,54.36,54.07,54.42,54.32,64
BNDX,54.07,53.975,53.85,54.07,53.965,65
BNDX,53.84,53.8,53.685,53.85,53.72,66
BNDX,53.61,53.65,53.54,53.685,53.5303,67
BNDX,53.47,53.51,53.71,53.54,53.46,68
BNDX,53.61,53.65,53.4852,53.71,53.58,69
BNDX,53.46,53.26,53.52,53.4852,53.22,70
BNDX,53.35,53.49,53.36,53.52,53.19,71
BNDX,53.27,53.21,53.23,53.36,53.14,72
BNDX,53.189,53.21,53.345,53.23,53.16,73
BNDX,53.32,53.33,53.45,53.345,53.24,74
BNDX,53.31,53.45,53.6,53.45,53.31,75
BNDX,53.51,53.6,53.38,53.6,53.49,76
BNDX,53.26,53.375,53.35,53.38,53.26,77
BNDX,53.31,53.31,53.46,53.35,53.265,78
BNDX,53.43,53.38,53.3499,53.46,53.33,79
BNDX,53.34,53.31,53.67,53.3499,53.225,80
BNDX,53.4,53.67,54.2563,53.67,53.4,81
BNDX,53.91,54.23,53.98,54.2563,53.9,82
BNDX,53.96,53.79,53.685,53.98,53.75,83
BNDX,53.51,53.665,54.0799,53.685,53.5,84
BNDX,53.93,54.05,53.88,54.0799,53.93,85
BNDX,53.85,53.87,53.53,53.88,53.7,86
BNDX,53.43,53.35,53.2391,53.53,53.3445,87
BNDX,53.17,53.16,52.97,53.2391,53.091,88
BNDX,52.94,52.93,53.03,52.97,52.83,89
IGSB,54.24,54.29,54.29,54.29,54.24,1
IGSB,54.28,54.29,54.38,54.29,54.19,2
IGSB,54.3372,54.35,54.45,54.38,54.32,3
IGSB,54.36,54.43,54.41,54.45,54.345,4
IGSB,54.41,54.34,54.4,54.41,54.34,5
IGSB,54.39,54.375,54.29,54.4,54.37,6
IGSB,54.29,54.19,54.18,54.29,54.18,7
IGSB,54.18,54.12,54.175,54.18,54.11,8
IGSB,54.16,54.16,54.17,54.175,54.14,9
IGSB,54.17,54.1,54.12,54.17,54.09,10
IGSB,54.05,54.095,54.15,54.12,54.05,11
IGSB,54.08,54.14,54.16,54.15,54.07,12
IGSB,54.115,54.15,54.22,54.16,54.1,13
IGSB,54.18,54.13,54.0799,54.22,54.12,14
IGSB,54.05,53.98,53.9863,54.0799,53.97,15
IGSB,53.97,53.94,53.94,53.9863,53.94,16
IGSB,53.92,53.93,54.05,53.94,53.895,17
IGSB,54.04,54.03,54.09,54.05,53.98,18
IGSB,54.01,54.08,54.2199,54.09,54.0,19
IGSB,54.16,54.05,53.9,54.2199,54.025,20
IGSB,53.87,53.89,53.87,53.9,53.82,21
IGSB,53.85,53.83,53.95,53.87,53.81,22
IGSB,53.81,53.92,53.92,53.95,53.81,23
IGSB,53.92,53.86,53.86,53.92,53.85,24
IGSB,53.82,53.84,53.84,53.86,53.8091,25
IGSB,53.83,53.82,53.86,53.84,53.79,26
IGSB,53.84,53.825,53.89,53.86,53.82,27
IGSB,53.84,53.85,53.91,53.89,53.83,28
IGSB,53.86,53.895,53.86,53.91,53.85,29
IGSB,53.86,53.845,53.88,53.86,53.83,30
IGSB,53.81,53.88,53.9,53.88,53.76,31
IGSB,53.87,53.9,53.92,53.9,53.87,32
IGSB,53.9,53.88,53.93,53.92,53.87,33
IGSB,53.9,53.87,53.86,53.93,53.87,34
IGSB,53.79,53.86,53.87,53.86,53.72,35
IGSB,53.86,53.86,53.88,53.87,53.83,36
IGSB,53.87,53.875,53.88,53.88,53.85,37
IGSB,53.86,53.88,53.91,53.88,53.85,38
IGSB,53.9,53.89,53.88,53.91,53.87,39
IGSB,53.87,53.855,53.91,53.88,53.84,40
IGSB,53.88,53.91,53.93,53.91,53.82,41
IGSB,53.9294,53.88,53.81,53.93,53.88,42
IGSB,53.8,53.79,53.85,53.81,53.75,43
IGSB,53.8,53.85,53.84,53.85,53.78,44
IGSB,53.84,53.73,53.68,53.84,53.72,45
IGSB,53.67,53.6482,53.64,53.68,53.6482,46
IGSB,53.62,53.625,53.6,53.64,53.59,47
IGSB,53.58,53.58,53.61,53.6,53.55,48
IGSB,53.54,53.6,53.62,53.61,53.52,49
IGSB,53.6,53.585,53.62,53.62,53.585,50
IGSB,53.61,53.62,53.58,53.62,53.59,51
IGSB,53.575,53.525,53.44,53.58,53.52,52
IGSB,53.43,53.3601,53.44,53.44,53.36,53
IGSB,53.4,53.365,53.4,53.44,53.36,54
IGSB,53.38,53.33,53.45,53.4,53.33,55
IGSB,53.42,53.43,53.5,53.45,53.4124,56
IGSB,53.43,53.46,53.47,53.5,53.42,57
IGSB,53.45,53.405,53.46,53.47,53.4,58
IGSB,53.43,53.27,53.25,53.46,53.25,59
IGSB,53.21,53.2,53.24,53.25,53.19,60
IGSB,53.17,53.23,53.26,53.24,53.16,61
IGSB,53.22,53.24,53.22,53.26,53.18,62
IGSB,53.2,53.205,53.27,53.22,53.14,63
IGSB,53.24,53.25,53.18,53.27,53.23,64
IGSB,53.17,53.155,52.995,53.18,53.1314,65
IGSB,52.99,52.97,53.03,52.995,52.95,66
IGSB,52.95,53.03,53.0,53.03,52.945,67
IGSB,52.9959,52.95,52.995,53.0,52.94,68
IGSB,52.97,52.93,52.83,52.995,52.93,69
IGSB,52.82,52.62,52.805,52.83,52.61,70
IGSB,52.71,52.8,52.69,52.805,52.65,71
IGSB,52.66,52.635,52.69,52.69,52.62,72
IGSB,52.64,52.65,52.7,52.69,52.63,73
IGSB,52.67,52.7,52.74,52.7,52.63,74
IGSB,52.71,52.725,52.75,52.74,52.7,75
IGSB,52.73,52.7,52.67,52.75,52.69,76
IGSB,52.64,52.63,52.6,52.67,52.59,77
IGSB,52.59,52.54,52.63,52.6,52.54,78
IGSB,52.56,52.6,52.6,52.63,52.52,79
IGSB,52.6,52.59,52.79,52.6,52.55,80
IGSB,52.69,52.77,52.93,52.79,52.69,81
IGSB,52.82,52.85,52.72,52.93,52.81,82
IGSB,52.72,52.56,52.6,52.72,52.55,83
IGSB,52.58,52.57,52.66,52.6,52.545,84
IGSB,52.62,52.55,52.48,52.66,52.54,85
IGSB,52.46,52.305,52.25,52.48,52.3,86
IGSB,52.23,52.14,52.19,52.25,52.05,87
IGSB,52.12,52.155,52.1,52.19,52.12,88
IGSB,52.09,52.02,52.04,52.1,51.99,89
VCSH,81.83,81.895,81.89,81.91,81.82,1
VCSH,81.88,81.88,82.0304,81.89,81.76,2
VCSH,81.93,82.0,82.13,82.0304,81.92,3
VCSH,82.02,82.105,82.07,82.13,81.5817,4
VCSH,82.06,81.99,82.1076,82.07,81.974,5
VCSH,82.06,82.05,81.98,82.1076,82.02,6
VCSH,81.9,81.74,81.72,81.98,81.73,7
VCSH,81.6841,81.63,81.72,81.72,81.61,8
VCSH,81.7,81.7,81.707,81.72,81.6535,9
VCSH,81.7,81.6,81.63,81.707,81.6,10
VCSH,81.56,81.58,81.6596,81.63,81.5432,11
VCSH,81.57,81.64,81.67,81.6596,81.56,12
VCSH,81.61,81.65,81.7798,81.67,81.59,13
VCSH,81.72,81.63,81.55,81.7798,81.62,14
VCSH,81.5,81.4,81.49,81.55,81.4,15
VCSH,81.37,81.37,81.36,81.49,81.31,16
VCSH,81.32,81.33,81.5399,81.36,81.21,17
VCSH,81.42,81.5,81.58,81.5399,81.42,18
VCSH,81.445,81.56,81.79,81.58,81.434,19
VCSH,81.68,81.55,81.44,81.79,81.49,20
VCSH,81.39,81.43,81.39,81.44,81.3401,21
VCSH,81.33,81.33,81.51,81.39,81.3,22
VCSH,81.3,81.45,81.5,81.51,81.3,23
VCSH,81.31,81.36,81.39,81.5,81.31,24
VCSH,81.3635,81.35,81.33,81.39,81.31,25
VCSH,81.32,81.31,81.36,81.33,81.2728,26
VCSH,81.31,81.32,81.42,81.36,81.31,27
VCSH,81.33,81.35,81.45,81.42,81.2752,28
VCSH,81.3636,81.415,81.395,81.45,81.36,29
VCSH,81.3636,81.35,81.42,81.395,81.33,30
VCSH,81.32,81.4,81.55,81.42,81.26,31
VCSH,81.48,81.52,81.58,81.55,81.48,32
VCSH,81.53,81.51,81.5799,81.58,81.48,33
VCSH,81.55,81.51,81.49,81.5799,81.49,34
VCSH,81.3,81.49,81.529,81.49,81.3,35
VCSH,81.51,81.51,81.24,81.529,81.45,36
VCSH,81.21,81.23,81.28,81.24,81.2,37
VCSH,81.2,81.27,81.29,81.28,81.2,38
VCSH,81.28,81.27,81.26,81.29,81.26,39
VCSH,81.25,81.22,81.31,81.26,81.19,40
VCSH,81.22,81.3,81.33,81.31,81.0367,41
VCSH,81.31,81.255,81.15,81.33,81.24,42
VCSH,81.15,81.13,81.2,81.15,81.07,43
VCSH,81.13,81.2,81.18,81.2,81.1,44
VCSH,81.16,81.01,80.95,81.18,81.0,45
VCSH,80.9415,80.9,80.89,80.95,80.89,46
VCSH,80.85,80.86,80.82,80.89,80.82,47
VCSH,80.8,80.78,80.83,80.82,80.75,48
VCSH,80.715,80.83,80.86,80.83,80.71,49
VCSH,80.8361,80.82,80.87,80.86,80.81,50
VCSH,80.82,80.865,80.79,80.87,80.81,51
VCSH,80.79,80.71,80.58,80.79,80.7,52
VCSH,80.5737,80.47,80.57,80.58,80.46,53
VCSH,80.53,80.47,80.51,80.57,80.47,54
VCSH,80.49,80.44,80.61,80.51,80.43,55
VCSH,80.57,80.56,80.67,80.61,80.55,56
VCSH,80.58,80.61,80.635,80.67,80.56,57
VCSH,80.58,80.54,80.61,80.635,80.54,58
VCSH,80.565,80.31,80.306,80.61,80.29,59
VCSH,80.26,80.23,80.3,80.306,80.21,60
VCSH,80.18,80.26,80.3299,80.3,80.18,61
VCSH,80.25,80.3,80.27,80.3299,80.21,62
VCSH,80.2159,80.24,80.32,80.27,80.13,63
VCSH,80.285,80.28,80.21,80.32,80.28,64
VCSH,80.21,80.17,79.96,80.21,80.14,65
VCSH,79.95,79.875,79.98,79.96,79.83,66
VCSH,79.8633,79.97,79.93,79.98,79.85,67
VCSH,79.9,79.86,79.94,79.93,79.85,68
VCSH,79.87,79.866,79.69,79.94,79.86,69
VCSH,79.65,79.37,79.65,79.69,79.37,70
VCSH,79.51,79.63,79.49,79.65,79.4,71
VCSH,79.43,79.42,79.48,79.49,79.39,72
VCSH,79.4,79.41,79.49,79.48,79.38,73
VCSH,79.445,79.46,79.55,79.49,79.38,74
VCSH,79.49,79.5,79.5575,79.55,79.47,75
VCSH,79.53,79.49,79.43,79.5575,79.46,76
VCSH,79.4,79.38,79.35,79.43,79.32,77
VCSH,79.31,79.26,79.39,79.35,79.25,78
VCSH,79.2,79.33,79.34,79.39,79.18,79
VCSH,79.29,79.33,79.65,79.34,79.24,80
VCSH,79.5,79.615,79.87,79.65,79.5,81
VCSH,79.64,79.74,79.59,79.87,79.64,82
VCSH,79.54,79.31,79.37,79.59,79.31,83
VCSH,79.33,79.32,79.487,79.37,79.29,84
VCSH,79.43,79.31,79.22,79.487,79.31,85
VCSH,79.13,78.98,78.87,79.22,78.95,86
VCSH,78.82,78.69,78.755,78.87,78.545,87
VCSH,78.62,78.72,78.67,78.755,78.62,88
VCSH,78.66,78.52,78.5281,78.67,78.4801,89
VTIP,52.06,52.05,52.08,52.07,51.99,1
VTIP,51.97,52.0495,52.22,52.08,51.92,2
VTIP,52.18,52.165,52.22,52.22,52.13,3
VTIP,52.17,52.2,52.24,52.22,52.145,4
VTIP,52.24,52.21,52.32,52.24,52.19,5
VTIP,52.27,52.31,52.4599,52.32,52.225,6
VTIP,52.44,52.33,52.37,52.4599,52.3001,7
VTIP,52.37,52.33,52.5,52.37,52.32,8
VTIP,52.37,52.4,52.55,52.5,52.3575,9
VTIP,52.44,52.51,52.6,52.55,52.42,10
VTIP,52.57,52.56,52.62,52.6,52.54,11
VTIP,52.56,52.61,52.62,52.62,52.53,12
VTIP,52.6,52.56,52.57,52.62,52.55,13
VTIP,52.5252,52.36,52.27,52.57,52.36,14
VTIP,52.145,52.22,52.26,52.27,52.13,15
VTIP,52.19,52.25,52.3491,52.26,52.15,16
VTIP,52.24,52.32,52.36,52.3491,52.21,17
VTIP,52.25,52.32,52.39,52.36,52.24,18
VTIP,52.36,52.31,52.39,52.39,52.3,19
VTIP,52.38,52.11,52.14,52.39,52.11,20
VTIP,52.1,52.03,52.06,52.14,51.96,21
VTIP,51.99,52.05,52.17,52.06,51.97,22
VTIP,52.07,52.1254,52.1973,52.17,52.05,23
VTIP,52.18,52.125,52.21,52.1973,52.12,24
VTIP,52.19,52.19,52.255,52.21,52.17,25
VTIP,52.21,52.245,52.2652,52.255,52.2,26
VTIP,52.26,52.105,52.15,52.2652,52.0901,27
VTIP,52.07,52.13,52.17,52.15,52.04,28
VTIP,52.11,52.09,52.05,52.17,52.08,29
VTIP,52.05,51.99,52.05,52.05,51.96,30
VTIP,51.97,52.05,52.17,52.05,51.83,31
VTIP,52.15,52.14,52.13,52.17,52.05,32
VTIP,52.12,52.08,52.1,52.13,52.06,33
VTIP,52.07,52.085,52.09,52.1,52.06,34
VTIP,52.09,52.085,52.22,52.09,52.06,35
VTIP,52.08,52.155,51.21,52.22,52.06,36
VTIP,51.19,51.17,51.23,51.21,51.15,37
VTIP,51.17,51.23,51.32,51.23,51.16,38
VTIP,51.28,51.25,51.36,51.32,51.24,39
VTIP,51.24,51.35,51.4,51.36,51.24,40
VTIP,51.37,51.4,51.4,51.4,51.35,41
VTIP,51.38,51.4,51.39,51.4,51.34,42
VTIP,51.32,51.38,51.41,51.39,51.29,43
VTIP,51.39,51.35,51.35,51.41,51.31,44
VTIP,51.35,51.19,51.13,51.35,51.18,45
VTIP,51.12,51.08,51.1272,51.13,51.0,46
VTIP,51.095,51.07,51.07,51.1272,51.03,47
VTIP,51.03,51.06,51.24,51.07,51.0,48
VTIP,51.09,51.24,51.2389,51.24,51.053,49
VTIP,51.22,51.13,51.185,51.2389,51.12,50
VTIP,51.11,51.13,51.115,51.185,51.09,51
VTIP,51.1,51.07,51.02,51.115,51.0563,52
VTIP,51.01,50.97,50.9862,51.02,50.96,53
VTIP,50.9561,50.94,51.05,50.9862,50.92,54
VTIP,51.0,50.94,51.03,51.05,50.93,55
VTIP,51.0,51.01,51.11,51.03,50.9501,56
VTIP,51.0,51.0784,51.145,51.11,50.99,57
VTIP,51.08,51.09,51.1699,51.145,51.06,58
VTIP,51.11,50.95,50.94,51.1699,50.905,59
VTIP,50.91,50.92,51.03,50.94,50.86,60
VTIP,50.96,51.01,51.06,51.03,50.96,61
VTIP,51.0,51.06,51.03,51.06,50.99,62
VTIP,51.03,50.94,51.02,51.03,50.94,63
VTIP,50.99,51.0,50.93,51.02,50.9508,64
VTIP,50.92,50.88,50.82,50.93,50.8515,65
VTIP,50.82,50.78,50.79,50.82,50.74,66
VTIP,50.78,50.73,50.735,50.79,50.67,67
VTIP,50.68,50.685,50.75,50.735,50.67,68
VTIP,50.7351,50.7149,50.8,50.75,50.69,69
VTIP,50.7,50.615,50.89,50.8,50.59,70
VTIP,50.787,50.88,50.96,50.89,50.685,71
VTIP,50.78,50.91,50.88,50.96,50.75,72
VTIP,50.84,50.83,50.945,50.88,50.8,73
VTIP,50.88,50.87,51.02,50.945,50.86,74
VTIP,50.9,50.99,51.03,51.02,50.835,75
VTIP,51.011,51.03,51.0997,51.03,50.99,76
VTIP,51.04,51.0737,51.23,51.0997,51.02,77
VTIP,51.06,51.21,51.68,51.23,51.04,78
VTIP,51.61,51.37,51.29,51.68,51.315,79
VTIP,51.26,51.285,51.65,51.29,51.19,80
VTIP,51.48,51.62,52.0,51.65,51.46,81
VTIP,51.78,51.885,51.9,52.0,51.77,82
VTIP,51.89,51.76,51.8,51.9,51.75,83
VTIP,51.76,51.63,51.95,51.8,51.63,84
VTIP,51.77,51.81,51.98,51.95,51.76,85
VTIP,51.82,51.97,52.11,51.98,51.8047,86
VTIP,52.07,52.045,51.89,52.11,51.92,87
VTIP,51.86,51.815,51.9752,51.89,51.705,88
VTIP,51.79,51.925,52.11,51.9752,51.7,89
IEI,129.15,129.26,129.24,129.36,129.12,1
IEI,129.22,129.1,129.56,129.24,128.81,2
IEI,129.25,129.515,129.889,129.56,129.25,3
IEI,129.58,129.83,129.69,129.889,129.5,4
IEI,129.68,129.4,129.79,129.69,129.38,5
IEI,129.67,129.69,129.34,129.79,129.64,6
IEI,129.32,128.87,128.81,129.34,128.86,7
IEI,128.79,128.59,128.96,128.81,128.565,8
IEI,128.86,128.82,128.82,128.96,128.74,9
IEI,128.8,128.62,128.72,128.82,128.6,10
IEI,128.57,128.6,128.82,128.72,128.55,11
IEI,128.59,128.82,128.9,128.82,128.59,12
IEI,128.6968,128.89,129.25,128.9,128.6968,13
IEI,129.1342,128.91,128.61,129.25,128.8701,14
IEI,128.52,128.32,128.325,128.61,128.28,15
IEI,128.23,128.185,128.27,128.325,128.17,16
IEI,128.13,128.24,129.31,128.27,128.05,17
IEI,129.08,129.16,129.2348,129.31,129.01,18
IEI,128.93,129.16,129.8,129.2348,128.91,19
IEI,129.6,129.35,129.38,129.8,128.98,20
IEI,128.95,129.38,129.24,129.38,128.87,21
IEI,129.21,129.02,129.54,129.24,128.88,22
IEI,128.9,129.36,129.29,129.54,128.8,23
IEI,129.25,129.05,128.87,129.29,128.96,24
IEI,128.78,128.715,128.7,128.87,128.6736,25
IEI,128.61,128.6,128.85,128.7,128.475,26
IEI,128.7,128.68,128.945,128.85,128.58,27
IEI,128.75,128.75,129.09,128.945,128.69,28
IEI,128.83,128.99,128.925,129.09,128.8192,29
IEI,128.85,128.84,128.86,128.925,128.76,30
IEI,128.69,128.81,129.17,128.86,128.51,31
IEI,128.95,129.095,129.34,129.17,128.94,32
IEI,129.22,129.1301,129.45,129.34,129.05,33
IEI,129.31,129.18,128.98,129.45,129.17,34
IEI,128.94,128.85,128.93,128.98,128.76,35
IEI,128.93,128.88,128.83,128.93,128.74,36
IEI,128.83,128.78,128.7899,128.83,128.73,37
IEI,128.72,128.72,128.83,128.7899,128.7,38
IEI,128.82,128.75,128.68,128.83,128.74,39
IEI,128.64,128.55,128.74,128.68,128.47,40
IEI,128.65,128.73,128.845,128.74,128.54,41
IEI,128.8,128.7,128.2784,128.845,128.65,42
IEI,128.27,128.13,128.18,128.2784,128.11,43
IEI,128.04,128.17,128.115,128.18,128.01,44
IEI,128.11,127.785,127.63,128.115,127.71,45
IEI,127.585,127.51,127.456,127.63,127.45,46
IEI,127.4082,127.33,127.29,127.456,127.19,47
IEI,127.12,127.22,127.355,127.29,127.0648,48
IEI,127.065,127.345,127.51,127.355,127.04,49
IEI,127.47,127.37,127.61,127.51,127.34,50
IEI,127.42,127.58,127.43,127.61,127.3538,51
IEI,127.43,127.11,126.78,127.43,127.0901,52
IEI,126.73,126.505,126.82,126.78,126.5,53
IEI,126.65,126.68,126.805,126.82,126.63,54
IEI,126.78,126.79,127.29,126.805,126.71,55
IEI,127.21,127.14,127.475,127.29,127.04,56
IEI,127.37,127.19,127.3499,127.475,127.1774,57
IEI,127.22,127.08,127.17,127.3499,127.04,58
IEI,127.11,126.49,126.72,127.17,126.46,59
IEI,126.48,126.56,126.85,126.72,126.48,60
IEI,126.51,126.8,126.88,126.85,126.51,61
IEI,126.69,126.84,126.82,126.88,126.66,62
IEI,126.79,126.65,126.9564,126.82,126.52,63
IEI,126.76,126.805,126.57,126.9564,126.76,64
IEI,126.54,126.49,126.018,126.57,126.42,65
IEI,126.01,125.83,125.95,126.018,125.765,66
IEI,125.89,125.88,125.728,125.95,125.779,67
IEI,125.7,125.61,125.86,125.728,125.61,68
IEI,125.76,125.6,125.24,125.86,125.6,69
IEI,125.19,124.61,125.54,125.24,124.59,70
IEI,125.06,125.46,125.215,125.54,124.69,71
IEI,124.99,124.93,124.9555,125.215,124.79,72
IEI,124.8,124.81,125.125,124.9555,124.74,73
IEI,125.0,125.06,125.41,125.125,124.87,74
IEI,125.2,125.41,125.65,125.41,125.19,75
IEI,125.54,125.59,125.517,125.65,125.47,76
IEI,125.388,125.48,125.31,125.517,125.3,77
IEI,125.21,125.15,125.82,125.31,125.07,78
IEI,125.79,125.39,125.37,125.82,125.33,79
IEI,125.23,125.355,126.25,125.37,125.07,80
IEI,125.93,126.1,127.245,126.25,125.9,81
IEI,126.6,126.91,126.44,127.245,126.57,82
IEI,126.4,125.76,126.1,126.44,125.745,83
IEI,125.88,125.99,126.84,126.1,125.74,84
IEI,126.56,126.6,126.53,126.84,126.522,85
IEI,126.25,126.19,125.95,126.53,126.185,86
IEI,125.81,125.67,125.41,125.95,125.57,87
IEI,125.36,125.27,125.06,125.41,125.18,88
IEI,125.01,124.94,124.89,125.06,124.77,89
MBB,107.98,107.94,107.94,108.03,107.89,1
MBB,107.94,107.82,108.06,107.94,107.725,2
MBB,107.92,107.9,108.15,108.06,107.89,3
MBB,107.9444,108.13,108.06,108.15,107.9,4
MBB,108.06,108.0,108.18,108.06,107.98,5
MBB,108.18,108.05,107.92,108.18,108.04,6
MBB,107.92,107.555,107.6294,107.92,107.55,7
MBB,107.59,107.52,107.6477,107.6294,107.52,8
MBB,107.59,107.495,107.503,107.6477,107.44,9
MBB,107.5,107.38,107.47,107.503,107.37,10
MBB,107.399,107.4,107.56,107.47,107.3709,11
MBB,107.3762,107.54,107.585,107.56,107.35,12
MBB,107.4941,107.58,107.7598,107.585,107.45,13
MBB,107.7,107.61,107.435,107.7598,107.58,14
MBB,107.41,107.3,107.28,107.435,107.29,15
MBB,107.25,107.08,107.05,107.28,107.06,16
MBB,107.03,107.0,107.57,107.05,106.95,17
MBB,107.26,107.53,107.6,107.57,107.26,18
MBB,107.39,107.59,107.88,107.6,107.355,19
MBB,107.73,107.58,107.595,107.88,107.52,20
MBB,107.43,107.58,107.59,107.595,107.36,21
MBB,107.53,107.47,107.67,107.59,107.42,22
MBB,107.46,107.63,107.6,107.67,107.3805,23
MBB,107.5818,107.58,107.4896,107.6,107.465,24
MBB,107.435,107.39,107.44,107.4896,107.38,25
MBB,107.44,107.375,107.53,107.44,107.3,26
MBB,107.53,107.35,107.507,107.53,107.325,27
MBB,107.32,107.37,107.54,107.507,107.3147,28
MBB,107.38,107.465,107.47,107.54,107.38,29
MBB,107.42,107.435,107.42,107.47,107.38,30
MBB,107.37,107.355,107.65,107.42,107.25,31
MBB,107.4,107.58,107.73,107.65,107.37,32
MBB,107.62,107.54,107.65,107.73,107.53,33
MBB,107.55,107.53,107.4499,107.65,107.51,34
MBB,107.41,107.36,107.45,107.4499,107.3401,35
MBB,107.42,107.41,107.43,107.45,107.36,36
MBB,107.4,107.39,107.4786,107.43,107.32,37
MBB,107.38,107.42,107.5567,107.4786,107.34,38
MBB,107.51,107.51,107.4899,107.5567,107.49,39
MBB,107.46,107.325,107.37,107.4899,107.31,40
MBB,107.36,107.36,107.5,107.37,107.2827,41
MBB,107.36,107.43,107.28,107.5,107.36,42
MBB,107.28,107.01,107.07,107.28,107.01,43
MBB,107.01,107.07,107.0598,107.07,106.92,44
MBB,107.0,106.74,106.665,107.0598,106.74,45
MBB,106.64,106.61,106.47,106.665,106.545,46
MBB,106.46,106.29,106.22,106.47,106.17,47
MBB,106.0382,106.15,106.37,106.22,105.9701,48
MBB,106.03,106.36,106.415,106.37,105.95,49
MBB,106.4,106.285,106.27,106.415,106.26,50
MBB,106.23,106.25,106.19,106.27,106.12,51
MBB,106.14,105.885,105.64,106.19,105.88,52
MBB,105.62,105.28,105.77,105.64,105.27,53
MBB,105.5334,105.635,105.79,105.77,105.5,54
MBB,105.78,105.73,105.97,105.79,105.66,55
MBB,105.97,105.84,106.06,105.97,105.83,56
MBB,105.93,105.945,106.0499,106.06,105.85,57
MBB,105.97,105.94,106.0,106.0499,105.87,58
MBB,105.99,105.38,105.7599,106.0,105.3701,59
MBB,105.54,105.64,105.88,105.7599,105.525,60
MBB,105.52,105.88,105.98,105.88,105.52,61
MBB,105.8,105.935,105.77,105.98,105.74,62
MBB,105.69,105.695,105.92,105.77,105.62,63
MBB,105.78,105.79,105.62,105.92,105.78,64
MBB,105.54,105.59,105.1799,105.62,105.4376,65
MBB,105.14,105.01,105.17,105.1799,104.945,66
MBB,105.08,105.11,104.95,105.17,104.974,67
MBB,104.9262,104.86,104.919,104.95,104.75,68
MBB,104.88,104.7,104.33,104.919,104.7,69
MBB,104.26,103.8175,104.3692,104.33,103.77,70
MBB,104.17,104.28,104.0,104.3692,103.7307,71
MBB,103.92,103.87,103.927,104.0,103.7479,72
MBB,103.83,103.83,103.98,103.927,103.76,73
MBB,103.9,103.87,104.13,103.98,103.72,74
MBB,103.9,104.055,104.16,104.13,103.9,75
MBB,104.06,104.1,104.045,104.16,104.04,76
MBB,104.01,103.94,103.785,104.045,103.82,77
MBB,103.72,103.645,104.01,103.785,103.62,78
MBB,104.0,103.82,103.97,104.01,103.715,79
MBB,103.75,103.97,104.68,103.97,103.74,80
MBB,104.35,104.54,105.2,104.68,104.26,81
MBB,104.76,104.94,104.59,105.2,104.76,82
MBB,104.59,103.88,104.32,104.59,103.87,83
MBB,104.07,104.285,104.895,104.32,103.985,84
MBB,104.64,104.66,104.495,104.895,104.62,85
MBB,104.31,104.265,104.025,104.495,104.26,86
MBB,103.95,103.97,103.94,104.025,103.86,87
MBB,103.83,103.79,103.61,103.94,103.72,88
MBB,103.61,103.57,103.63,103.61,103.45,89
VGSH,61.205,61.245,61.23,61.25,61.2,1
VGSH,61.22,61.23,61.29,61.23,61.16,2
VGSH,61.25,61.27,61.31,61.29,61.25,3
VGSH,61.27,61.3,61.28,61.31,61.26,4
VGSH,61.27,61.23,61.29,61.28,61.23,5
VGSH,61.27,61.27,61.2,61.29,61.27,6
VGSH,61.2,61.15,61.145,61.2,61.15,7
VGSH,61.12,61.105,61.17,61.145,61.1,8
VGSH,61.16,61.15,61.16,61.17,61.14,9
VGSH,61.16,61.14,61.16,61.16,61.13,10
VGSH,61.13,61.1499,61.18,61.16,61.13,11
VGSH,61.14,61.1797,61.18,61.18,61.14,12
VGSH,61.155,61.17,61.23,61.18,61.15,13
VGSH,61.21,61.16,61.12,61.23,61.15,14
VGSH,61.105,61.08,61.11,61.12,61.07,15
VGSH,61.08,61.0955,61.08,61.11,61.08,16
VGSH,61.08,61.07,61.23,61.08,61.05,17
VGSH,61.19,61.2,61.21,61.23,61.19,18
VGSH,61.18,61.205,61.285,61.21,61.16,19
VGSH,61.25,61.16,61.15,61.285,61.15,20
VGSH,61.095,61.15,61.11,61.15,61.085,21
VGSH,61.1,61.07,61.13,61.11,61.06,22
VGSH,61.04,61.1,61.1,61.13,61.04,23
VGSH,61.08,61.07,61.03,61.1,61.06,24
VGSH,61.0259,61.01,61.02,61.03,61.0,25
VGSH,60.98,61.015,61.03,61.02,60.97,26
VGSH,61.0,61.005,61.06,61.03,61.0,27
VGSH,61.02,61.0352,61.07,61.06,61.01,28
VGSH,61.02,61.06,61.04,61.07,61.02,29
VGSH,61.02,61.02,61.03,61.04,61.02,30
VGSH,61.01,61.03,61.08,61.03,60.9605,31
VGSH,61.05,61.08,61.1,61.08,61.05,32
VGSH,61.09,61.07,61.12,61.1,61.05,33
VGSH,61.1035,61.08,61.06,61.12,61.08,34
VGSH,61.05,61.035,61.05,61.06,61.03,35
VGSH,61.05,61.05,60.83,61.05,61.03,36
VGSH,60.83,60.825,60.8,60.83,60.81,37
VGSH,60.8,60.8,60.81,60.8,60.78,38
VGSH,60.8,60.79,60.81,60.81,60.79,39
VGSH,60.8,60.8,60.83,60.81,60.79,40
VGSH,60.81,60.82,60.85,60.83,60.8,41
VGSH,60.84,60.82,60.77,60.85,60.82,42
VGSH,60.76,60.75,60.79,60.77,60.7325,43
VGSH,60.75,60.79,60.77,60.79,60.75,44
VGSH,60.76,60.705,60.68,60.77,60.7,45
VGSH,60.68,60.655,60.67,60.68,60.64,46
VGSH,60.63,60.655,60.64,60.67,60.62,47
VGSH,60.63,60.615,60.63,60.64,60.6,48
VGSH,60.57,60.625,60.64,60.63,60.57,49
VGSH,60.63,60.615,60.65,60.64,60.61,50
VGSH,60.62,60.65,60.615,60.65,60.62,51
VGSH,60.61,60.57,60.52,60.615,60.56,52
VGSH,60.51,60.485,60.53,60.52,60.47,53
VGSH,60.49,60.49,60.5,60.53,60.49,54
VGSH,60.49,60.485,60.5599,60.5,60.48,55
VGSH,60.54,60.54,60.61,60.5599,60.52,56
VGSH,60.57,60.58,60.59,60.61,60.55,57
VGSH,60.565,60.53,60.57,60.59,60.53,58
VGSH,60.55,60.42,60.4099,60.57,60.41,59
VGSH,60.38,60.3684,60.41,60.4099,60.36,60
VGSH,60.37,60.4,60.42,60.41,60.37,61
VGSH,60.38,60.385,60.39,60.42,60.37,62
VGSH,60.39,60.365,60.42,60.39,60.335,63
VGSH,60.3943,60.4,60.36,60.42,60.384,64
VGSH,60.36,60.34,60.25,60.36,60.33,65
VGSH,60.25,60.21,60.25,60.25,60.2,66
VGSH,60.24,60.23,60.21,60.25,60.21,67
VGSH,60.2,60.175,60.209,60.21,60.17,68
VGSH,60.19,60.15,60.06,60.209,60.15,69
VGSH,60.04,59.86,60.05,60.06,59.86,70
VGSH,59.96,60.03,59.95,60.05,59.9,71
VGSH,59.92,59.92,59.95,59.95,59.88,72
VGSH,59.91,59.935,60.02,59.95,59.91,73
VGSH,59.96,60.01,60.05,60.02,59.95,74
VGSH,60.02,60.04,60.09,60.05,60.01,75
VGSH,60.065,60.07,60.035,60.09,60.04,76
VGSH,60.015,60.01,60.0,60.035,59.98,77
VGSH,59.97,59.965,60.1,60.0,59.95,78
VGSH,60.09,60.0,60.01,60.1,59.99,79
VGSH,59.97,60.0,60.17,60.01,59.95,80
VGSH,60.12,60.12,60.33,60.17,60.11,81
VGSH,60.23,60.24,60.1575,60.33,60.21,82
VGSH,60.15,60.04,60.06,60.1575,60.02,83
VGSH,60.03,60.02,60.15,60.06,60.0,84
VGSH,60.09,60.105,60.08,60.15,60.0848,85
VGSH,60.04,60.04,60.005,60.08,60.03,86
VGSH,59.98,59.95,59.92,60.005,59.93,87
VGSH,59.89,59.91,59.87,59.92,59.89,88
VGSH,59.86,59.87,59.85,59.87,59.83,89
SHY,85.855,85.885,85.885,85.9,85.84,1
SHY,85.87,85.87,85.985,85.885,85.79,2
SHY,85.92,85.95,86.0,85.985,85.92,3
SHY,85.93,85.985,85.955,86.0,85.92,4
SHY,85.955,85.89,85.96,85.955,85.88,5
SHY,85.94,85.95,85.84,85.96,85.93,6
SHY,85.82,85.77,85.76,85.84,85.77,7
SHY,85.75,85.73,85.8,85.76,85.72,8
SHY,85.78,85.78,85.79,85.8,85.75,9
SHY,85.79,85.76,85.78,85.79,85.74,10
SHY,85.75,85.77,85.8,85.78,85.66991,11
SHY,85.76,85.8,85.81,85.8,85.75,12
SHY,85.78,85.79,85.88,85.81,85.77,13
SHY,85.86,85.775,85.71,85.88,85.77,14
SHY,85.685,85.66,85.7,85.71,85.65,15
SHY,85.675,85.68,85.66,85.7,85.66,16
SHY,85.64,85.645,85.885,85.66,85.62,17
SHY,85.83,85.835,85.86,85.885,85.82,18
SHY,85.805,85.85,85.96,85.86,85.79,19
SHY,85.91,85.79,85.75,85.96,85.76,20
SHY,85.66,85.75,85.6899,85.75,85.61,21
SHY,85.68,85.635,85.71,85.6899,85.61,22
SHY,85.5959,85.6899,85.67,85.71,85.585,23
SHY,85.66,85.62,85.56,85.67,85.6,24
SHY,85.55,85.515,85.54,85.56,85.51,25
SHY,85.49,85.54,85.56,85.54,85.48,26
SHY,85.53,85.52,85.61,85.56,85.52,27
SHY,85.54,85.55,85.62,85.61,85.52,28
SHY,85.55,85.6,85.58,85.62,85.54,29
SHY,85.55,85.55,85.57,85.58,85.55,30
SHY,85.54,85.57,85.63,85.57,85.4698,31
SHY,85.58,85.63,85.65,85.63,85.58,32
SHY,85.62,85.595,85.67,85.65,85.57,33
SHY,85.64,85.63,85.58,85.67,85.62,34
SHY,85.57,85.56,85.57,85.58,85.53,35
SHY,85.56,85.56,85.55,85.57,85.53,36
SHY,85.55,85.54,85.51,85.55,85.52,37
SHY,85.49,85.505,85.53,85.51,85.48,38
SHY,85.51,85.51,85.52,85.53,85.5049,39
SHY,85.5,85.505,85.54,85.52,85.49,40
SHY,85.51,85.54,85.57,85.54,85.5,41
SHY,85.56,85.54,85.46,85.57,85.51,42
SHY,85.45,85.44,85.49,85.46,85.42,43
SHY,85.44,85.485,85.46,85.49,85.44,44
SHY,85.455,85.385,85.34,85.46,85.37,45
SHY,85.33,85.31,85.32,85.34,85.29,46
SHY,85.275,85.3,85.28,85.32,85.26,47
SHY,85.265,85.245,85.27,85.28,85.24,48
SHY,85.19,85.26,85.28,85.27,85.18,49
SHY,85.275,85.25,85.29,85.28,85.25,50
SHY,85.26,85.28,85.25,85.29,85.25,51
SHY,85.245,85.17,85.1,85.25,85.17,52
SHY,85.09,85.04,85.12,85.1,85.03,53
SHY,85.07,85.08,85.08,85.12,85.07,54
SHY,85.065,85.06,85.17,85.08,85.05,55
SHY,85.15,85.14,85.24,85.17,85.12,56
SHY,85.165,85.185,85.21,85.24,85.15,57
SHY,85.1911,85.14,85.1791,85.21,85.14,58
SHY,85.15,84.99,84.96,85.1791,84.97,59
SHY,84.92,84.92,84.97,84.96,84.9,60
SHY,84.9157,84.95,84.97,84.97,84.91,61
SHY,84.93,84.945,84.95,84.97,84.9,62
SHY,84.945,84.915,84.97,84.95,84.87,63
SHY,84.945,84.94,84.9,84.97,84.93,64
SHY,84.9,84.875,84.75,84.9,84.85,65
SHY,84.747,84.69,84.73,84.75,84.66,66
SHY,84.7155,84.715,84.69,84.73,84.68,67
SHY,84.68,84.635,84.67,84.69,84.63,68
SHY,84.66,84.615,84.46,84.67,84.61,69
SHY,84.45,84.1998,84.45,84.46,84.19,70
SHY,84.33,84.44,84.3275,84.45,84.25,71
SHY,84.28,84.265,84.32,84.3275,84.22,72
SHY,84.27,84.295,84.419,84.32,84.25,73
SHY,84.33,84.395,84.46,84.419,84.31,74
SHY,84.41,84.45,84.52,84.46,84.4,75
SHY,84.49,84.475,84.435,84.52,84.44,76
SHY,84.415,84.395,84.39,84.435,84.36,77
SHY,84.36,84.34,84.535,84.39,84.32,78
SHY,84.515,84.41,84.41,84.535,84.39,79
SHY,84.37,84.405,84.63,84.41,84.32,80
SHY,84.56,84.56,84.86,84.63,84.545,81
SHY,84.705,84.72,84.61,84.86,84.69,82
SHY,84.595,84.445,84.49,84.61,84.43,83
SHY,84.44,84.45,84.6,84.49,84.4,84
SHY,84.53,84.54,84.51,84.6,84.52,85
SHY,84.46,84.44,84.4099,84.51,84.435,86
SHY,84.37,84.325,84.29,84.4099,84.3,87
SHY,84.26,84.265,84.21,84.29,84.23,88
SHY,84.2,84.21,84.18,84.21,84.16,89
SHV,110.445,110.45,110.45,110.45,110.44,1
SHV,110.45,110.44,110.46,110.45,110.44,2
SHV,110.44,110.455,110.46,110.46,110.44,3
SHV,110.44,110.45,110.46,110.46,110.44,4
SHV,110.45,110.45,110.46,110.46,110.44,5
SHV,110.45,110.46,110.45,110.46,110.45,6
SHV,110.45,110.44,110.45,110.45,110.44,7
SHV,110.45,110.445,110.45,110.45,110.44,8
SHV,110.45,110.44,110.45,110.45,110.44,9
SHV,110.445,110.45,110.45,110.45,110.44,10
SHV,110.45,110.4401,110.45,110.45,110.44,11
SHV,110.445,110.45,110.45,110.45,110.44,12
SHV,110.45,110.45,110.45,110.45,110.44,13
SHV,110.45,110.445,110.45,110.45,110.44,14
SHV,110.45,110.44,110.45,110.45,110.44,15
SHV,110.44,110.45,110.45,110.45,110.44,16
SHV,110.44,110.44,110.45,110.45,110.43,17
SHV,110.425,110.43,110.44,110.45,110.42,18
SHV,110.43,110.43,110.44,110.44,110.43,19
SHV,110.43,110.425,110.43,110.44,110.42,20
SHV,110.42,110.42,110.43,110.43,110.42,21
SHV,110.43,110.42,110.43,110.43,110.42,22
SHV,110.42,110.42,110.42,110.43,110.42,23
SHV,110.41,110.415,110.42,110.42,110.41,24
SHV,110.41,110.41,110.41,110.42,110.4,25
SHV,110.4,110.405,110.42,110.41,110.4,26
SHV,110.41,110.42,110.42,110.42,110.41,27
SHV,110.42,110.42,110.42,110.42,110.41,28
SHV,110.42,110.415,110.42,110.42,110.41,29
SHV,110.41,110.42,110.42,110.42,110.41,30
SHV,110.41,110.41,110.43,110.42,110.41,31
SHV,110.41,110.425,110.43,110.43,110.41,32
SHV,110.42,110.425,110.43,110.43,110.42,33
SHV,110.43,110.42,110.42,110.43,110.42,34
SHV,110.42,110.41,110.42,110.42,110.41,35
SHV,110.41,110.41,110.42,110.42,110.41,36
SHV,110.415,110.4199,110.42,110.42,110.41,37
SHV,110.41,110.415,110.42,110.42,110.4,38
SHV,110.41,110.42,110.42,110.42,110.4,39
SHV,110.415,110.41,110.42,110.42,110.41,40
SHV,110.42,110.416,110.42,110.42,110.41,41
SHV,110.42,110.415,110.42,110.42,110.41,42
SHV,110.41,110.4,110.41,110.42,110.4,43
SHV,110.4,110.405,110.41,110.41,110.4,44
SHV,110.41,110.4,110.4,110.41,110.4,45
SHV,110.39,110.38,110.4,110.4,110.38,46
SHV,110.39,110.395,110.4,110.4,110.38,47
SHV,110.39,110.395,110.39,110.4,110.39,48
SHV,110.38,110.39,110.39,110.39,110.38,49
SHV,110.38,110.39,110.39,110.39,110.38,50
SHV,110.38,110.39,110.39,110.39,110.38,51
SHV,110.38,110.38,110.38,110.39,110.37,52
SHV,110.375,110.35,110.36,110.38,110.35,53
SHV,110.3541,110.355,110.37,110.36,110.35,54
SHV,110.35,110.37,110.37,110.37,110.35,55
SHV,110.36,110.37,110.37,110.37,110.36,56
SHV,110.36,110.37,110.37,110.37,110.36,57
SHV,110.36,110.35,110.36,110.37,110.35,58
SHV,110.35,110.345,110.35,110.36,110.345,59
SHV,110.3385,110.345,110.35,110.35,110.33,60
SHV,110.35,110.33,110.3468,110.35,110.33,61
SHV,110.34,110.34,110.35,110.3468,110.32,62
SHV,110.34,110.34,110.35,110.35,110.33,63
SHV,110.34,110.345,110.35,110.35,110.34,64
SHV,110.34,110.345,110.33,110.35,110.33,65
SHV,110.32,110.305,110.31,110.33,110.3,66
SHV,110.3,110.31,110.31,110.31,110.3,67
SHV,110.3,110.3,110.31,110.31,110.3,68
SHV,110.305,110.31,110.28,110.31,110.3,69
SHV,110.27,110.24,110.27,110.28,110.23,70
SHV,110.23,110.265,110.25,110.27,110.23,71
SHV,110.24,110.25,110.26,110.25,110.24,72
SHV,110.25,110.26,110.28,110.26,110.24,73
SHV,110.26,110.27,110.29,110.28,110.26,74
SHV,110.28,110.29,110.3,110.29,110.27,75
SHV,110.28,110.3,110.29,110.3,110.28,76
SHV,110.29,110.28,110.29,110.29,110.27,77
SHV,110.27,110.2853,110.32,110.29,110.27,78
SHV,110.305,110.29,110.3,110.32,110.29,79
SHV,110.28,110.295,110.31,110.3,110.28,80
SHV,110.29,110.3,110.35,110.31,110.29,81
SHV,110.32,110.33,110.32,110.35,110.32,82
SHV,110.31,110.31,110.31,110.32,110.29,83
SHV,110.3,110.31,110.32,110.31,110.3,84
SHV,110.32,110.32,110.32,110.32,110.31,85
SHV,110.31,110.32,110.31,110.32,110.3,86
SHV,110.31,110.3,110.3,110.31,110.29,87
SHV,110.29,110.29,110.3,110.3,110.29,88
SHV,110.29,110.295,110.29,110.3,110.28,89
